,key,cnt
85,草,464
452,？？？,241
73,？,215
3643,请直播间珍惜主播,193
1764,把艾露露带走吧。,167
5032,寻找真正的爱,155
100,？？？？,128
505,？？？？？,107
132,哈哈哈哈,88
99,哈哈哈,86
903,？？？？？？,80
210,哈哈哈哈哈,73
95,好耶,58
122,哈哈哈哈哈哈哈,57
557,艹,47
119,啊这,46
30,晚上好,43
94,好家伙,41
79,?,40
764,哈哈哈哈哈哈,39
403,？？？？？？？,37
97,蚌埠住了,33
454,？？,31
66,。,29
894,？？？？？？？？,28
26,来了来了,27
43,1,25
2695,龟龟,25
391,？？？？？？？？？？？,24
263,\桃桃/\桃桃/\桃桃/,24
250,好听,23
1451,虾仁猪心,22
1260,？？？？？？？？？,22
1469,艾露露,21
384,晚安,21
368,拜拜,21
124,哈哈哈哈哈哈哈哈,20
254,好,20
754,哈哈,20
967,？？？？？？？？？？,19
0,来了,18
960,专业,17
194,泪目,17
1413,确实,16
16,打卡,16
690,.,14
4,(=・ω・=),14
11,开门,13
5066,寻找正真的爱,13
2679,龟龟。。。。寂しい龟龟。。。。寂しい,12
1990,gb,12
1675,太怪了,12
2019,《很开心》,12
1811,渣女,12
1686,哈哈哈哈哈哈哈哈哈,11
2271,反转了,11
1291,？？？？？？？？？？？？,11
2841,龟龟带我走吧,11
921,牛头人狂喜,11
274,\桃桃/\桃桃/\桃桃/\桃桃/\桃桃/,11
12,桃桃,11
911,老海王了,10
204,孤寡孤寡,10
1846,坏了,10
1545,离谱,10
1366,福瑞控是吧,10
115,绷不住了,10
2537,七夕三人套餐,10
258,好耶！,10
1108,牛蛙,9
1698,绝绝子,9
793,很有精神,9
1824,太屑了,9
895,屑,9
33,开门啊,9
1534,哈人,9
1932,急了急了,8
1955,她急了,8
2246,艾露露坏事做尽,8
1659,怪起来了,8
2536,全都要,8
1679,不愧是你,8
365,一会见,8
86,笑死,8
5174,花花haya,8
3300,好怪哦,8
380,阿这,8
167,(｀・ω・´),8
802,吃我一拳,8
4227,看仙女的Ь~b站搜用户：小梦mu,8
2251,艾露露你坏事做尽,8
288,！,7
893,绝了,7
2141,杀人诛心,7
908,海王,7
364,88888,7
1296,？？？？？？？？？？？？？？？？？？？？,7
766,可惜不是你,7
2003,《开心》,7
218,哈哈哈哈哈哈哈哈哈哈,7
1228,小希,7
1867,错付了,7
4454,看仙女的Ь、b站搜用户：小梦mu,7
37,开门开门,7
752,hhh,7
1423,哈哈哈哈哈哈哈哈哈哈哈,7
901,???,7
62,。。。,6
4596,有了,6
256,\桃桃/\桃桃/\桃桃/\桃桃/,6
2877,龟龟我买保险,6
2350,小希坏事做尽,6
548,，,6
597,好好好,6
371,888888888,6
669,声音有点小,6
654,声音小,6
51,0.0,6
2828,嗯？,6
1513,英梨梨。,6
1771,把艾露露带走吧,6
1364,啊,6
4972,《纯爱》,6
606,花花,6
5370,正,6
213,孤寡,6
959,嘶,6
1977,送命题,6
4252,看仙女的Ь，b站搜用户：小梦mu,6
2588,哼,6
1655,？？？？？？？？？？？？？,6
2008,很开心,6
3741,们,5
110,公开处刑,5
1095,有点东西,5
1477,李逵,5
1236,awsl,5
1962,小希急了,5
3474,去势,5
169,2333,5
1981,修罗场了,5
348,88888888,5
1182,太强了,5
1481,张飞,5
5227,腿打折,5
199,好！,5
3052,吸溜,5
3594,绝杀,5
2905,啊？,5
2712,▽,5
2734,口区,5
111,太狠了,5
2127,你们都是我的翅膀,5
2069,2333333,5
1529,呕,5
1460,古尔丹,5
4385,好大,5
5,希爹,5
1465,dio,5
3816,萨日朗,5
407,?????,5
3098,\桃饱/\桃饱/\桃饱/\桃饱/,5
2742,全都要是吧,5
1538,好怪啊,5
786,yue,5
149,主吃人,5
38,ass we can,4
350,(･∀･),4
2595,恭喜恭喜,4
1546,离大谱,4
1362,……,4
2704,龟龟！,4
2989,草草草,4
1491,涂山苏苏,4
53,来啦,4
2174,吃瓜吃到自己身上,4
1589,杰哥,4
1331,不愧是福根,4
581,www,4
785,夹带私货,4
948,666,4
269,赚了,4
1808,????,4
2179,都怪艾露露,4
5349,888888,4
1328,bksn,4
828,嘟嘟,4
3488,不好说,4
3348,好家伙！,4
1183,woc,4
1508,俺也一样,4
5355,8888888,4
317,舰长风评被害,4
252,233,4
1503,缝合怪,4
1139,桃桃别吃了,4
3038,让她吃,4
1185,强,4
1155,桃老师别吃了,4
388,呜呜呜,4
386,草？,4
1250,草。,4
1611,刘华强,4
4600,现在有了,4
524,a,4
2420,高情商,4
2984,狗宝来了,4
2573,明明是三个人的电影,4
1023,好活,4
1482,郭德纲,4
2002,开心,4
3369,破案了,4
1729,麻了,4
374,阿哲,4
3911,猫屎咖啡,4
4990,玩挺大,4
1836,渣女！,4
1486,盾山,4
3544,时间管理大师,4
4557,沉默是今晚的康桥,4
1446,阿巴阿巴,4
65,来啦来啦,4
3515,致命问题,3
1463,戴夫,3
2263,两级反转,3
582,有,3
946,爱了爱了,3
2559,三人套餐,3
1351,物种,3
5181,真不熟,3
3848,233333,3
3115,???????,3
3518,嘶~,3
2076,突发恶疾,3
5187,丈育就这样,3
2617,hhhhhh,3
4668,《冠军》,3
2121,你们都是我的翅膀！,3
4219,看仙女的Ь`b站搜用户：小梦mu,3
1934,小希放手吧,3
1532,苏小安,3
4491,女人就是麻烦,3
1936,希希急了,3
2238,一转攻势,3
3259,不对劲,3
2316,梅开二度,3
516,声音好小,3
896,\MA酱/\MA酱/\MA酱/\MA酱/,3
1424,？？？？？？？？？？？？？？,3
4793,《赚了》,3
931,艹艹艹,3
1833,坏女人,3
905,屑！,3
1832,老渣女了,3
4681,看仙女的Ь-b站搜用户：小梦mu,3
1437,阿巴阿巴阿巴,3
2944,海龟,3
4693,233333333,3
15,(⌒▽⌒),3
1426,266,3
1484,逵逵,3
2553,我全都要,3
3249,M,3
362,888888888888,3
1683,逆大天,3
1915,牵手,3
5028,牛奶,3
1920,吃醋了,3
5154,老婆！,3
1810,23333,3
3628,什么虎狼之词,3
2532,恭喜,3
4566,国粹,3
1422,小心艾露露,3
2701,太草了,3
1813,逆天,3
2729,8888,3
943,卧槽！,3
942,\松松/\松松/\松松/\松松/,3
3163,痛风警告,3
2681,哈哈哈哈哈哈哈哈哈哈哈哈哈,3
776,酱酱酿酿,3
1818,牛头人,3
1505,迪奥,3
3835,牛,3
2718,m希,3
2555,三人行,3
4224,hso,3
2922,《一心一意》,3
4798,完 全 胜 利,3
4896,一起来,3
3586,细说,3
1973,土土土,3
60,偷偷吃口屎,3
3363,原来如此,3
984,23333333,3
2215,艾露露全责,3
4354,桃桃你说句话呀,3
655,没声音,3
4115,正确的,3
27,哦豁,3
220,孤寡孤寡孤寡,3
1969,修罗场,3
3062,让她吃！,3
2480,两极反转,3
5243,花花Haya,3
1026,！？,3
663,放送事故,3
2353,坏事做尽,3
2183,一颗小红果，妹妹爱上我,3
811,（￣▽￣）,3
1264,什么甲方,3
2000,答应他,3
2146,杀人诛心啊,3
4548,最怕空气突然安静,3
1275,哈哈哈哈哈哈哈。,3
2043,咬牙切齿,3
2999,雀氏,3
3649,请主播珍惜直播间,3
2833,追,3
3725,对味了,3
1605,怪,3
2925,啊这？,3
670,听不见,3
1719,艾露露吃我一拳,3
2137,小杜小桃channel,3
4533,张口就是国粹,3
1098,111,3
4351,桃桃你说句话啊,3
268,好听好听,3
1783,白起来了,3
2902,噗,3
57,qwq,3
4399,=。=,3
1953,他急了他急了,3
4743,额,3
2275,小希你坏事做尽,3
4744,专一打游戏,3
4410,性感气泡音,3
4792,完全胜利,3
5347,白白,3
5343,88,3
84,开门了,3
1203,多吃点多吃点,3
2974,完了,3
5234,打骨折,3
93,哈喽,3
1233,强啊,3
71,0-0,3
4148,还行吧,3
774,(｡･ω･｡)ﾉ♡,2
4275,又生了,2
3774,这………………,2
2419,虾仁猪心啊,2
519,yes we can,2
1234,牛牛牛,2
885,同事罢了,2
4386,好大一个,2
4705,王只能有一个,2
4708,王不见王,2
4409,性感,2
527,好好好好好,2
749,←◡←,2
6,希爹是我爹,2
530,相亲大作战,2
1410,唱踊！,2
3270,？？？？？？？？？？？？？？？？？？？,2
751,╮(￣▽￣)╭,2
3517,数不清了,2
897,海王是吧,2
3849,噗嗤,2
1877,终究是错付了,2
2017,希爹：开心,2
788,可以了,2
1147,桃桃在偷吃,2
3253,老m了,2
1247,真刑啊,2
502,报告，刚才舰长又吃了一口(°∀°)ﾉ,2
2363,我都行,2
2356,般配,2
4836,15*23,2
2586,焦恩俊,2
508,开了开了,2
794,好了,2
1391,付费内容,2
2582,焦俊恩是吧？,2
2296,陪我到最后,2
512,哇,2
4273,(◦˙▽˙◦),2
1251,大叔控,2
4839,旗鼓相当,2
797,好！很有精神！,2
1199,桃桃给我吃一口,2
1196,吃播,2
491,啥,2
4783,╮(╯▽╰)╭,2
4404,堕堕人,2
2578,拱火天王艾露露,2
718,吼吼吼吼吼,2
715,wwwwwwwww,2
3875,杀疯了,2
2052,小希很开心,2
1939,小希绿了,2
1994,GB,2
2482,无限反转,2
1950,小希 危,2
3334,震撼人心,2
3335,秀,2
4333,好怪,2
4305,爱的水冷液,2
2490,又反转了,2
4745,新概念专一,2
1354,furry控是吧,2
632,哪样哪样,2
858,大聪明,2
1315,淦,2
574,有没有WiFi,2
4746,太对了太对了,2
3491,绝育？,2
3490,去势了,2
4739,专一,2
583,偷走小希,2
616,希爹是我爹！,2
3309,《我老婆要生了》,2
3496,势单力薄,2
605,爹！,2
607,好耶！！,2
4464,保护,2
3819,你这瓜保熟吗？,2
1167,七夕快乐,2
1332,们？,2
614,wwww,2
3323,??????,2
3715,这位更是重量级,2
4465,歪？,2
2311,草，,2
1945,她急了，她急了,2
2525,ohhhhhhhhhhhhhh,2
2326,hhhhh,2
571,= =,2
867,巴尔,2
2066,红红火火恍恍惚惚,2
676,人不动，声不响，直播事故，理解理解,2
1289,hhhh,2
2317,把艾露露带走把,2
2339,希爹坏事做尽,2
815,希爹，我爱你,2
3470,可逆的,2
3630,忍不住,2
543,6666,2
2438,夺笋啊,2
2437,希爹你坏事做尽！,2
1991,答应她,2
4375,猪猪,2
542,支持正义百合,2
1271,好会啊,2
806,好，很有精神,2
671,声音小了,2
549,八厨狂喜,2
3367,生活不易,2
1159,小桃别吃了,2
4968,《不好说》,2
1921,不愧是小希,2
3357,龟龟暴露了,2
653,声音,2
564,嘶哈嘶哈嘶哈,2
2030,总之就是非常开心,2
562,谢谢,2
1157,我亮了,2
1917,小希酸了,2
2461,希爹没了,2
778,Can you feel it?,2
3723,OHHHHHHHHHHHHHHHHHHH,2
3284,好怪哦，再看一眼,2
667,太小声了,2
2554,危,2
1466,吉良吉影,2
3231,《七夕三人套餐》,2
211,希桃七夕快乐！,2
2797,导播是个笨蛋,2
1773,把艾露露带走吧！！！,2
2221,诶？,2
2805,。。。。。。,2
3961,我心动了,2
224,桃桃七夕快乐,2
1768,希爹：你再想想,2
1093,111111,2
4125,《音游》,2
1091,1.5,2
3053,嗦面,2
4528,太对了哥,2
3049,哧溜,2
4101,我家还蛮大的,2
1585,FBI！,2
2820,美女买保险吗,2
2823,危险,2
2134,(〜￣△￣)〜,2
4116,《一点都不难》,2
4622,UNIA，前女友罢了,2
3977,《共同点》,2
994,加油,2
183,笑死我了,2
3981,我不好说,2
180,晚上好啊,2
178,老板大气,2
4637,威胁,2
972,杜王町来的是吧,2
4140,小希：？？？,2
1099,1111111,2
3105,田汐汐怂什么，直接上嘴嘬呀！,2
1536,哥哥！俺也一样！,2
1106,11111111111,2
3939,小希？,2
281,好听！,2
958,wtf,2
4158,永远酱yyds,2
1547,dokidoki,2
273,牛的,2
2775,雨露均沾是吧,2
5217,给你腿打折,2
3571,感觉身体被掏空,2
1554,兰兰,2
4151,绿  小希  绿,2
965,_(:3」∠)_,2
259,好活！,2
257,好诶,2
475,开门呀，我知道你在家,2
1101,11111,2
251,来咯,2
23,测试中,2
3573,我要下车！,2
4146,小柔：？？？,2
4145,开始了,2
4640,害怕了,2
1746,真是绝绝子,2
4613,刚才没有,2
3107,海王对海王,2
3621,艾露露大势已去,2
1652,！！！！,2
106,鹅鹅鹅鹅鹅鹅鹅鹅,2
104,‏  ‎   ‏      ‌​,2
1705,创创子,2
2180,杀人还要诛心,2
35,打卡打卡,2
1033,《口技》,2
1058,…………………………,2
2964,老婆一号,2
5354,88888888888,2
2158,杀人，还要诛心,2
81,鹅鹅鹅,2
4579,二婚,2
3020,没吃完是吧,2
1666,请主播珍惜自己的直播间,2
4027,好人卡,2
5364,接下来是付费内容,2
67,你测试你的，我们测试我们的。,2
5383,正    正,2
3624,虎狼之词,2
61,l,2
2949,海王八,2
4571,声音呢,2
1677,！！！！！,2
47,未见其人先闻其声,2
1680,何方妖孽,2
1647,？？？？？？？？、,2
5335,888,2
2155,小希哭了,2
4008,《我不配》,2
2853,龟龟是海王,2
3987,《厉害》,2
4540,c语言,2
1739,比桃大,2
1004,乐,2
4607,刚才没,2
157,…,2
4088,她太专一了,2
1732,hhhhhhh,2
4605,声微饭否,2
152,这是在干嘛,2
2148,拱火了,2
147,有点麻,2
146,偷偷吃口桃,2
1012,好 !,2
3000,那确实,2
4599,刷新一下就好了,2
1634,救命,2
5321,虚拟曹操,2
4550,尬住了,2
2991,266吃我一拳！,2
4551,没开麦,2
2884,买保险吗,2
4072,细说密室,2
3642,超管！！！！！,2
2239,亚撒西,2
255,w,2
1861,太渣了,2
5062,呼呼,2
1835,旷世渣女,2
4204,露露一直在拱火,2
1834,太惨了,2
2686,哈哈哈哈哈哈哈哈哈哈哈哈哈哈,2
2690,玩嘉宾是吧,2
379,一会儿见,2
4667,鸭王,2
2696,今天小希坏事做尽,2
3210,一家人,2
3156,我的天,2
1487,丈育,2
42,（ '▿ ' ）,2
360,8888888888,2
1827,好惨,2
1825,希爹喜提女婿,2
5064,0   -0,2
1497,bt7274,2
399,7点开始,2
928,小希狂喜,2
4504,难道这就是你分手的借口~,2
3200,《一家人》,2
1849,绝绝子了,2
4218,细说用,2
5091,12折,2
4216,怎么用,2
2662,胡桃睡着了,2
2651,啊，这,2
1459,学艾老师,2
4229,片哥好,2
4212,用,2
916,好屑啊,2
924,乱起来了,2
1441,！！！,2
5077,收两个硬币,2
5106,unia输麻了,2
1530,哈哈哈哈哈哈哈哈。,2
3176,？？？？？？？？？？？？？？？？？,2
2269,露露坏事做尽,2
420,(●￣(ｴ)￣●),2
2726,田桂花,2
337,＼桃桃／＼桃桃／＼桃桃／,2
4172,拱火露,2
4175,打起来打起来,2
945,WTF,2
456,万箭齐发,2
8,...,2
1517,华强,2
5185,被气晕,2
322,四更呢,2
2625,难绷,2
1812,虚晃一枪,2
467,开门呀,2
1525,kimo,2
2727,hello,2
2272,啊？？？,2
1807,?????????,2
304,꧁桃桃/桃桃/桃桃/桃桃/桃桃꧂,2
1500,张三,2
2247,艾露露出来挨打,2
1504,柔柔,2
1416,踊！,2
5152,你不是我爹吗？,2
5153,你是爹啊,2
2748,田桂花X艾福根,2
298,晚上好！,2
1415,wwwww,2
3699,福根被拿下了,1
3641,把露露尾巴割了吧,1
3639,艾露露节奏带师,1
3640,我的很大你忍一下（滑稽,1
3679,推销员都开始卷了,1
3733,永远记得永远酱的“麻薯梗”,1
3742,vcr，味太对了,1
5403,去看看露露有没有耐久，白白呐,1
3688,到酒吧?,1
3633,什么虎狼之词阿,1
3632,什么过度？,1
3680,橘势险,1
3698,她吸口水了……,1
3681,相亲节目秒变卖保险,1
3691,？？？？？？去酒吧这不是互相海,1
3734,专业的,1
3740,桃桃，瓜希，我来啦,1
3634,超管干活了,1
3636,艾露露怕被犁坏,1
3635,我的很大，你忍一下,1
3737,重量级嘉宾（47wt）,1
3692,从此家里明摆两张时间表,1
3690,会看到两个人在互相殴打,1
3686,嗯嗯啊啊,1
3693,。？？？,1
3644,小完能你醒一醒，你都大势已去了,1
3694,福根收一下哈哈哈哈,1
3685,wwwwww,1
3695,下播付费内容,1
3736,《正经》,1
3697,这车开的,1
3687,海王啊,1
3689,《私密性》,1
3735,大龄,1
3738,请大家珍惜眼前的少女,1
3637,太快了,1
3684,就嗯嗯啊啊？,1
3683,挺般配,1
3696,缠缠绵绵吃龙虾,1
3638,田汐汐没了，太好了,1
3682,俩海王,1
3739,w请直播间珍惜主播,1
3665,你们去更衣室打,1
3704,看来露露没见过这场面，还会脸红,1
3732,哈哈哈，一出场就事故,1
3668,入洞房,1
3720,专业的来了,1
3719,O(∩_∩)O哈哈~,1
3718,这就是专业.jpg,1
3657,请直播间珍惜直播间,1
3672,广告开始了,1
3707,永远永远酱,1
3658,Like,1
3659,满脑子很强,1
3671,请主播不要给法医出难题,1
3670,说了多少遍了，直播间不能养鹅,1
3708,1/2弄错wwwwwwww,1
3660,什么情况？？？,1
3669,还惦记着咸鱼神呐,1
3717,恩？,1
3673,100斤小虾鱼是吧,1
3716,经费,1
3709,\永远酱/\永远酱/\永远酱/\永远酱/\永远酱/\永远酱/,1
3661,海王还能不愿意,1
3662,两位别入洞房了，去更衣室吧♂,1
3667,还想要杨宝？,1
3710,专业！！！,1
3711,阿笨,1
3663,哈哈哈哈哈哈哈哈哈哈哈哈哈哈哈,1
3712,对味儿了,1
3714,吹牛逼勒！！！,1
3664,杨宝不来,1
3713,cao,1
3666,？？。？？,1
3656,很like？,1
3721,居然自带BGM,1
3700,哎嘿嘿？,1
3727,DNA动了,1
3731,熟悉的,1
3645,可想而自，艾露露每天忍得很幸苦,1
3701,我…………错过了什么?,1
3730,专业不,1
3702,请直播间矜持主播,1
3703,你的脸不是本来就红么,1
3646,不对劲哦！,1
3678,龟龟带着别的女人吃一百斤虾虾自助,1
3647,怎么不可逆的都忍不住，这266怪哦,1
3648,请珍惜主播wwwwwwwww,1
3729,还是小行星会整活,1
3728,有那味儿了,1
3677,，满屏幕卖保险,1
3726,这个就叫专业,1
3674,记得保险写希爹桃桃的名字,1
3743,（们）,1
3724,\永远酱/\永远酱/\永远酱/\永远酱/,1
3650,可以每天干，争取降级,1
3676,去势买一送一,1
3705,请直播间珍惜直播,1
3651,不是每天打拳去医院,1
3675,开始卷了,1
3652,送入洞房 ! ! !,1
3653,干什么啊,1
3654,全员都是老司机啊,1
3655,很♂强,1
3722,这就叫专业,1
3706,小行星坠落！,1
5381,正      正,1
3842,啊啊啊啊啊啊啊啊啊啊啊啊啊啊啊啊啊啊啊啊,1
3744,女嘉宾们……,1
3936,艾露露石锤了,1
3943,这么强 我D了,1
3942,_(:3 ⌒ﾞ)_,1
3941,永远酱游戏实力可以的,1
3940,牛批牛批,1
3938,ohhhhhhh,1
3937,这么强？,1
3935,非诚勿扰我熟啊,1
3927,@艾露露,1
3934,艾露露了,1
3933,黄桃实锤,1
3932,哦，非诚勿扰啊,1
3931,麝香猫,1
3930,小桃快送,1
3929,神奇啊呦,1
3944,666哇,1
3945,可以…………,1
3946,强的,1
3947,woc太强了，永远酱带我走吧,1
3948,好强,1
3949,游戏力max啊,1
3950,小希，学着点,1
3951,来了猫屎咖啡,1
3952,这是真的高玩啊,1
3953,草，太强了，带我走吧,1
3954,强（,1
3955,猫屎咖啡来了,1
3956,猫shi咖啡店,1
3957,麻薯,1
3958,/小星星,1
3959,那拜托永远酱带我飞哦,1
3960,小希总败了,1
3928,点名小桃,1
3926,那不用说了，桃桃和露露,1
3963,还有猫屎咖啡,1
3900,灭灯吧！,1
3906,确实不是,1
3905,还真不是人,1
3904,你本来就不是,1
3903,福根 她真的 我哭死,1
3902,确实不是人,1
3901,不 你就是（滑稽）,1
3899,《不是》,1
3925,这味好对啊,1
3898,直播意外,1
3897,266，我的266,1
3896,龟龟:那我来？,1
3895,什么鬼？,1
3894,混到100年就算成功,1
3893,这也太大了wwwwww,1
3907,《确实不是人》,1
3908,(〜￣△￣)〜(〜￣△￣)〜,1
3909,二狗的嘴，骗人的鬼,1
3910,草这个音效,1
3912,热知识：小希《确实不是人》,1
3913,小希确实不是人啊,1
3914,全不是人啊,1
3915,我和你,1
3916,这不是西游记吗？一个人，三个不是人,1
3917,经典bgm,1
3918,这味对的不行,1
3919,永远酱的猫屎咖啡印象深刻,1
3920,懂了，喜欢艾露露,1
3921,那不就是艾露露,1
3922,不就是艾露露吗？,1
3923,小桃被点名,1
3924,确实，是小桃了,1
3962,我D了，好可爱，告诉桃桃我还爱她,1
3964,hahaha,1
3745,女嘉宾......们？？？,1
4012,别说了，别说了 他又哭了,1
4018,头有味道,1
4017,ruarua的,1
4016,喜欢指宠物,1
4015,可惜头臭,1
4014,艾露露软软的小小的,1
4013,草，经典我不配,1
4011,《小鱼小虾》,1
4002,小希你可别想桃子啊,1
4010,商业互吹是吧,1
4009,小艾你说什么呢,1
4007,我和赵子龙联手天下无敌,1
4006,你又开始了,1
4005,小希你再想想,1
4004,《emmm》,1
4019,艾露露铁心（）,1
4020,福根你又开始了,1
4021,艹！,1
4022,福根跟舔汐汐很配，哈辉,1
4023,给福根一拳,1
4024,我喜欢艾露露,1
4025,艾露露可爱,1
4026,福根要被噶蛋蛋了,1
4028,不打，那算了,1
4029,情人!!!!,1
4030,艾露露喜欢被打的,1
4031,打是亲骂是爱 你不爱艾露露,1
4032,....,1
4033,屑啊,1
4034,《用他的钱》,1
4035,做我的ATM吧！,1
4036,情人卡,1
4003,卧龙凤雏竟在现场,1
4001,永远酱血压要高了,1
3965,钞能力,1
3973,咳咳咳,1
3980,你这猫屎新鲜吗,1
3979,不不不，你没有,1
3978,厉害,1
3976,是哦（敷衍）,1
3975,wwwwwwwwww,1
3974,希爹你可别说了,1
3972,我心动了，才不是因为麻薯店,1
4000,《业余》,1
3971,请女嘉宾问下永远酱喜欢木糖醇不,1
3970,你的猫屎咖啡 ，拉丝儿吗？,1
3969,猫屎咖啡太草了,1
3968,绕不过去的猫屎咖啡,1
3967,每天都吃麻薯和咖啡,1
3966,喜欢,1
3982,《我们打游戏都很厉害》,1
3983,？？？？**？？？？？,1
3984,艾露露俏佳人靠她了,1
3985,有才，美丽，还多金,1
3986,卧龙凤雏,1
3988,《共同之处》,1
3989,你在说什么批话,1
3990,不不不,1
3991,爆灯了属于是,1
3992,PS：共同之处没错的,1
3993,你的猫屎咖啡保熟么？,1
3994,评委开始抢选手了,1
3995,希爹算了算了,1
3996,“我打游戏很厉害”,1
3997,卧龙凤雏是吧,1
3998,厉害！！！！！,1
3999,般配？？？,1
3892,呜呜呜呜呜福根我的福根,1
3891,千年五百万舰考虑一下？,1
3890,专业！,1
3789,上舰？,1
3795,这战舰厉害,1
3794,可以，开军舰,1
3793,玩衣阿华是吧,1
3792,老大哥,1
3791,好，很有精神！,1
3790,没有精神,1
3788,这也太行了,1
3780,好家伙，行星撞地球是吧,1
3787,一步之遥啊,1
3786,这BGM…………,1
3785,没有精神，重来,1
3784,这bgm不对劲啊,1
3783, ？？？？？？,1
3782,？这个bgm不对吧,1
3796,会旱地行舟吗,1
3797,高质量地外小行星,1
3798,黄海舰队（迫真）,1
3799,你这个海怎么一点都不浪啊,1
3800,小号手yyds,1
3801,暗示上健,1
3802,好很有精神,1
3803,兩開花兩開花,1
3804,你这小子是这样马马虎虎来上海军学校的吗？,1
3805,这么小声还想开军舰,1
3806,虚拟主播传统节目：整活,1
3807,开花开花,1
3808,生草,1
3809,鸭华漂移是吧,1
3810,卖瓜,1
3811,一年级,1
3812,嗯,1
3781,这曲子上流,1
3779,本体萌煞老夫,1
3889,福根太难了,1
3753,女嘉宾们。,1
3759,好耶永远永远酱,1
3758,小希你怎么灭灯啦？,1
3757,太对了，太对了,1
3756,重量级嘉宾,1
3755,龟龟？,1
3754,什么脱下去？,1
3752,非橙勿扰？,1
3778,少儿频道,1
3751,＾3＾,1
3750,龟龟的,1
3749,桃桃吃醋了,1
3748,《们》,1
3747,女嘉宾们,1
3746,嘉宾们,1
3760,重量级,1
3761,味太冲,1
3762,希爹你灯呢？,1
3763,草  害怕,1
3764,这回是小希曼吗,1
3765,超重量级,1
3766,味太冲了,1
3767,害怕,1
3768,雅,1
3769,这不史莱姆吗,1
3770,这是少儿频道妈,1
3771,小希灭灯了,1
3772,原来是石头吗.....,1
3773,少儿频道wwwww,1
3775,好可爱,1
3776,原形毕露,1
3777,是电史莱姆,1
3813,撒日朗！,1
3814,这bgm太出戏了,1
3815,有一个人前来卖瓜,1
3864,五百万年啊，看不见了,1
3870,让副社长闭嘴是吧,1
3869,太冷静了我的回答！,1
3868,⊙∀⊙！⊙∀⊙！⊙∀⊙！⊙∀⊙！,1
3867,500年，我们变老人了,1
3866,那时候B站已经没了,1
3865,这目标可不小啊,1
3863,好家伙，500万年,1
3817,撒日朗,1
3862,500万年wwwwww,1
3861,ohhhhh,1
3860,起风下雨了,1
3859,变了啊啊啊啊，啊啊,1
3858,职业？主播！,1
3857,整活界达芬奇了属于是,1
3871,五百万啊算了算了,1
3872,好!很有成就感,1
3873,《闭嘴》,1
3874,区区五百万,1
3876,破防了,1
3877,500万年恐龙都没了,1
3878,500万年……都化成灰了……,1
3879,不毕业就算成功,1
3880,福根哭死,1
3881,摸摸,1
3882,泪目了,1
3883,哭死,1
3884,我真的还想再活500年,1
3885,不被开除就算成功,1
3886,福根我哭死,1
3887,她真的。。。我哭死,1
3888,小桃的猫耳好可爱,1
3856,永远酱超厉害的,1
3855,都没有违和感,1
3854,大草,1
3833,整活还得 看永远酱,1
3818,被华强叔叔扎了,1
3820,你这散热器保熟吗,1
3821,强哥,1
3822,莎日朗,1
3823,好，文体两开花，阴阳两届吃得开,1
3824,华强的安排哈哈,1
3825,不愧是你wwww,1
3826,小希在闪耀,1
3827,remake了是吧,1
3828,不如加入虚研社？？,1
3829,切我瓜是吧？,1
3830,小希庆生,1
3831,福根，你说句话呀,1
3832,小新星闪耀时,1
3834,希桃生贺,1
3853,草，太缝合怪了,1
3836,好～,1
3837,哈哈哈哈很好,1
3838,好棒,1
3839,好.,1
3840,介介，您这瓜暴熟吗,1
3841,毫无违和感,1
3843,变了啊啊啊啊,1
3844,这rap没！有！精！神！重来！,1
3845,这活有点好，就是有点好,1
3846,不愧是高质量小星星,1
3847,布施明可是万物,1
3850,还要等,1
3851,66666,1
3852,啊啊啊啊啊啊啊啊啊啊,1
3631,emmmmmmmm,1
3510,去势太猛了,1
3629,性盛致灾，割以永治,1
3167,26斤带壳的噢噢,1
3174,坏了切中要害了,1
3173,少了,1
3172,她带你去看她吃26斤小龙虾,1
3171,不懂就问，虚拟主播都怎么能吃吗,1
3170,那不就每人只有13斤了，血亏,1
3169,一辈子才吃26斤。。。。,1
3168,26斤？？？？？？,1
3166,不够吃,1
3177,哈哈哈哈哈哈哈 太少,1
3165,会上火的,1
3164,26？,1
3162,别啊，桃你抢不过他,1
3161,好土,1
3160,养不起，养不起,1
3159,小心上火,1
3158,桃儿,1
3175,太少了,1
3178,不太够。,1
5404,(=・ω・=）,1
3188,小希！！！！！！,1
3195,别去，会上火,1
3194,可能不太够。。。,1
3193,不太够,1
3192,可怕,1
3191,OHHHHHH,1
3190,吃完了还能活么,1
3189,？开始聊吃饭了,1
3187,小虾鱼狂怒,1
3179,可 能 不 太 够,1
3186,桃桃你不对劲,1
3185,谢谢我已经开始痛了,1
3184,痛风快乐餐,1
3183,最喜欢希桃发糖了 OHHHHH,1
3182,“不太够”,1
3181,小桃,1
3180,桃有狗宝帮忙剥小龙虾,1
3157,通风警告,1
3155,带薪摸鱼等于年假,1
3283,WWE现场,1
3126,怪哦,1
3133,继续吃,1
3132,正在吃饭可还行,1
3131,草，可爱,1
3130,抢着了,1
3129,下一对下一对,1
3128,变态叉出去,1
3127,鱼塘与鱼塘的相加,1
3125,王八对绿豆，看对眼了,1
3135,小桃：谁cue我,1
3124,明明灭灯了,1
3123,露露狂喜,1
3122,希海王对阵田海王,1
3121,…………,1
3120,？？？0？,1
3119,西八儿）,1
3118,你们都很土,1
3134,桃老师诶,1
3136,呛着了,1
3154,26斤小龙虾？,1
3146,这是什么海王竞技赛吗,1
3153,26?,1
3152,大胃王八,1
3151,恰饭人！恰饭魂！恰饭都是人上人！,1
3150,大胃王比赛,1
3149,主吃人桃桃,1
3148,桃桃:吃饭中，勿cue,1
3147,土土土土土,1
3145,你慢慢吃,1
3137,我吃完了。哈哈哈,1
3144,能吃能做！,1
3143,桃老师可爱,1
3142,哈???,1
3141,《一直很喜欢》,1
3140,还没有吃干净的小桃哈哈哈,1
3139,桃儿那是郭德纲,1
3138,哈哈哈慢慢吃,1
3196,整货,1
3197,吃完左转进医院,1
3198,你也要三人行,1
3251,你们有点子怪哦！！！,1
3260,骗保是吧,1
3258,好怪喔,1
3257,王八拳？,1
3256,还有这种操作？,1
3255,指哪打哪是吧,1
3254,吃我一拳！,1
3252,什么M,1
3250,BGM突变,1
3262,给龟龟懂完了,1
3248,七夕三人餐是给你准备的是吧,1
3247,属于是被玩懂了wwwwwwwww,1
3246,弹三里屯最好的蟑螂,1
3245,粉切黑,1
3244,谢谢老板,1
3243,快进,1
3242,七夕三人餐就是给你们的吧,1
3261,只有艾露露在挨揍的世界出现了,1
3263,放心没有还手的机会了,1
3199,吃完直接涨一百斤，太牛了,1
3274,决战icu！,1
3281,拳 拳愿艾露露,1
3280,什么神经病,1
3279,ICU“别了，挺忙的”,1
3278,。。。。。,1
3277,我的妈呀,1
3276,出来卖保险了这是,1
3275,怪耶,1
3273,太变态辣,1
3264,天狗太恐怖了,1
3272,？？？？？太怪了,1
3271,这人怎么m兮兮的,1
3269,以医院为目标吧wwwwwwwwww,1
3268,有点怪啊,1
3267,乌龟是不是有反甲？,1
3266,这灯它有用吗？,1
3265,****,1
3241,七夕三人套餐来30份谢谢,1
3240,这么好搞定吗,1
3239,好家伙，歪楼了直接（）,1
3209,七夕三人套餐again,1
3217,你也要点三人套餐？,1
3216,拿命吃啊,1
3215,母女丼？,1
3214,七夕三人套餐是吧,1
3213,《七夕三人餐》,1
3212,收买,1
3211,老丈母娘,1
3208,自助餐老板：我关店了,1
3238,这个节目有点不对劲、,1
3207,你来的正是时候,1
3206,带个小孩去是吧,1
3205,带岳母去，这嘉宾懂,1
3204,饭店老板危,1
3203,海王桃,1
3202,又是三个人的电影,1
3201,丈母娘,1
3218,玩懂了,1
3219,还记得设定,1
3220,通吃型,1
3221,好家伙，,1
3237,七夕五人餐,1
3236,三人行是吧,1
3235,上当了,1
3234,属于是被田汐汐玩懂了,1
3233,三个人幸福的生活在一起,1
3232,你也要点七夕三人套餐,1
3230,七夕三人自助餐是吧,1
3229,kFC三人餐就是为你们准备是吧,1
3228,希爷由乃化了,1
3227,虾虾危,1
3226,我是来加入你们的.jpg,1
3225,去田汐汐家吃饭去小希家过夜,1
3224,坏了，被玩透了,1
3223,危 自助餐厅 危,1
3222,《甜蜜蜜》,1
3117,西巴儿,1
3116,你在干什么呢？？？？,1
3114,私下约,1
2995,好受欢迎,1
3004,背后原因令人暖心,1
3003,离谱但确实是,1
3002,扫堂腿！！！！,1
3001,因为小完能太欠打了,1
2998,锤背是吧,1
2997,虽然很离谱但是是真的,1
2996,这样的吗,1
2994,给她一拳,1
3006,没有，福根就是欠打,1
2993,升龙霸！！！,1
2992,花姐最多认你自己点外卖,1
2990,说的没错,1
2988,给她一拳！,1
2987,对不起我喜欢男的,1
2986,因为艾露露欠打,1
2985,抠出一套别墅了,1
3005,桃桃你开关不在手里就闪一闪,1
3007,根吃拳！,1
3027,好家伙哈哈哈哈哈哈哈,1
3017,高,1
3025,桃桃你继续吃,1
3024,桃桃又摸鱼了嘛,1
3023,啊啊啊啊啊啊,1
3022,桃老师，缺氧吗？,1
3021,？啊啊？,1
3019,拱火希,1
3018,桃桃忙着吃，又忘了,1
3016,糟,1
3008,拳头和脸的亲密接触,1
3015,好高啊！缺氧吗,1
3014,提头来见,1
3013,比如给他一拳,1
3012,企业李姐,1
3011,亲密接触是吧，蓄意轰拳！,1
3010,可以，莫名的很有道理,1
3009,今天没下雨，今天是散打,1
2983,老婆二号,1
2982,一本正经地发表海王宣言,1
2981,你是先吃饭还是先洗澡还是先,1
2951,杨宝都不放过阿,1
2958,耳朵是吧,1
2957,杨宝都不放过是吧,1
2956,doki海王是吧,1
2955,快打电话叫安堂姐,1
2954,《真心》,1
2953,dokidoki是吧,1
2952,杨宝你这不放过！,1
2950,场外都吃哈哈,1
2980,　　　　早上好!!　　　　∧∧ ∩　,1
2948,一心亿意,1
2947,你说这个大伙信吗？,1
2946,杨宝都不放过哈哈哈,1
2945,全选 ,1
2943,当然是啊,1
2942,一眼真,1
2941,你问问我们相不相信龟龟,1
2959,龟龟老海王了，各位嘉宾注意了,1
2960,“各位”,1
2961,多ki多ki（都吃都吃）,1
2962,把杨宝带走,1
2979,开始了开始了,1
2978,开始叫老婆了,1
2977,这怕不是虾皇讲堂的导播……,1
2976,花花：不，并不会,1
2975,花花明明就是做电脑前面打游戏呢,1
2973,田汐汐开始了,1
2972,doki发自内心,1
2971,小小的饭,1
2970,太小了不够龟龟吃,1
2969,女仆？,1
2968,老婆一号，老婆二号,1
2967,已经开始叫老婆了,1
2966,节奏带师艾露露,1
2965,田汐汐要没了,1
2963,练功发自真心,1
3026,没有看法,1
3028,又在吃,1
3113,bgm乐起来了,1
3082,明目张胆的偷吃,1
3089,哈哈哈，在大口大口的吃,1
3088,小桃偷吃太明显了吧哈哈哈,1
3087,好脆,1
3086,副社长要扣钱了。,1
3085,小桃能一起吃嘛,1
3084,小红果好脆哦,1
3083,桃桃，多吃点,1
3081,吃的好香啊,1
3091,让她吃，让她吃，主吃人,1
3080,咯吱咯吱,1
3079,大口的恰,1
3078,我超，别吃了，我好馋,1
3077,吧唧吧唧吧唧吧唧,1
3076,桃桃太大声了呀,1
3075,吃！大口吃！,1
3074,桃老师晚饭吃饱了么？,1
3090,这是吃播,1
3092,吃，小桃都可以吃,1
3029,女儿正在偷吃的正欢呢,1
3103,希爷：终于可以光明正大的留私房钱了,1
3112,《海王联动》,1
3111,这bgm,1
3110,王八看绿豆，对上眼儿了,1
3109,小桃就不能吃点qq糖那种没声的,1
3108,话说桃桃这次怎么不结拜兄弟了,1
3106,因为小红果它就这么脆,1
3104,请打开麦克风摸鱼JPG,1
3102,凭啥不让我女儿吃！,1
3093,把麦关了吃啊,1
3101,这是在土味情话吗,1
3100,这位观众买的是舞台票吗,1
3099,吃都可以恰,1
3097,哈哈哈哈哈哈哈嗝,1
3096,为什么这么脆？,1
3095,草(づ′▽`)づ,1
3094,恰饱饱,1
3073,有的人在发言有的人在长肉,1
3072,#查重,1
3071,好好恰,1
3039,小桃或许成为最佳海王,1
3046,桃桃慢慢吃,1
3045,狂小鲁,1
3044,小桃什么都不知道，小桃只是想吃东西,1
3043,还没吃完,1
3042,吃,1
3041,希希子,1
3040,小桃：吃东西，勿扰,1
3037,《小桃在吃东西》,1
3070,恰，恰大口的,1
3036,小桃吃完零食刚反应过来,1
3035,吃，吃大碗的,1
3034,桃桃还在偷吃,1
3033,我喜欢男的,1
3032,狂吃,1
3031,桃桃，你又在偷吃,1
3030,桃桃一脸懵逼,1
3047,小桃吃饱就好,1
3048,你告诉她，我喜欢男的就行。,1
3050,谁在偷吃？,1
3051,呲溜,1
3069,看来是桃老师在嗦,1
3068,让她吸！,1
3067,特色，特好色,1
3066,让她吃，让她吃,1
3065,你谁啊,1
3064,给她吃!,1
3063,偷吃不闭麦,1
3061,联动都在吃东西，哈哈哈哈,1
3060,特色,1
3059,小桃在偷吃,1
3058,桃饱网,1
3057,嘶溜,1
3056,特色 特别好色,1
3055,让桃桃吃！,1
3054,《小桃在吃东西》wwwwwwwww,1
3282,恶心心,1
3285,摔 跤,1
3627,《我忍不住》,1
3509,这也能连上就离谱,1
3520,嘶——,1
3519,没有一千也有八百,1
3516,大势已去艾露露,1
3514,不了不了,1
3513,好家伙，这是悬疑节目吧,1
3512,狗宝背锅,1
3511,来看看,1
3508,我终于知道露露耳朵旁那是什么,1
3522,事到如今还数的清吗,1
3507,我的,1
3506,是狗宝,1
3505,我的问题,1
3504,连起来了,1
3503,怪不得福根这么关心别人孩子,1
3502,今日首崩,1
3501,这也连上了,1
3521,百八十个,1
3523,百十号人吧,1
3499,生物学挺好,1
3533,趋势了,1
3540,hahahh,1
3539,龟龟啊你还记不记得一只机械狐狸,1
3538,数が多いのでわからん,1
3537,说了多少遍了JPG,1
3536,海王发言,1
3535,其他女人只是玩玩,1
3534,呵，渣女太多了,1
3532,百八号人,1
3524,放,1
3531,倒吸一口冷气,1
3530,恒河沙数了属于是,1
3529,狐狐,1
3528,上超级计算机,1
3527,事到如今还数的清么,1
3526,你为什么这么熟练啊，你到底做过多少次啊,1
3525,水还记得自己吃了多少饭呢。,1
3500,爱露露被嘎蛋了,1
3498,人多势众,1
3286,这tm都是啥啊,1
3463,结扎了，我又拆线了，没想到吧！,1
3471,???????????保护动物啊,1
3469,难道小希逆过？,1
3468,众所周知结扎能解开,1
3467,确实可以。,1
3466,人工授精,1
3465,266不是保护动物？,1
3464,还能给解开？？？,1
3462,聊尬的是吧,1
3473,enmmm,1
3461,结扎不可逆,1
3460,好像是可逆,1
3459,保护动物绝育了,1
3458,没话筒的郭楠是吧,1
3457,国二也结扎？,1
3456,没事，这东西可逆的,1
3455,你不是女嘉宾吗哈哈哈哈哈哈哈哈哈,1
3472,活结是吧,1
3475,去世,1
3497,绷,1
3485,小心直播间,1
3495,绝育了？,1
3494,可是艾露露是女嘉宾啊,1
3493,蚌,1
3492,节育环,1
3489,超管来救一下,1
3487,龟龟:建议多个人吗,1
3486,别说了，别说 下一位吧,1
3484,去雄,1
3476,绝育,1
3483,不好说 不好说,1
3482,去什么,1
3481,去环是吧,1
3480,不好说啊不好说,1
3479,Zg,1
3478,去势？？？,1
3477,这谁敢结扎国二啊？不应该是保育吗,1
3541,噢，懂了,1
3542,啧啧,1
3543,什么海王阿,1
3597,艾露露yyds,1
3604,这波啊这波是抢着灭灯,1
3603,灭ding哈哈哈,1
3602,可惜不是你～陪我到最后,1
3601,可惜不是你~,1
3600,遗憾退场,1
3599,直接把海王拉下来,1
3598,啊这这,1
3596,爱露露这坏东西,1
3606,确实吃不消,1
3595,不愧是你艾露露,1
3593,你怎么又灭灯啊,1
3592,又来,1
3591,那方面,1
3590,声控灯？,1
3589,吃的方面,1
3588,我要下车,1
3605,似曾相识的剧情,1
3607,你们不对劲,1
3545,家里红旗不倒,1
3617,有bear来草,1
3626,怪起来了。,1
3625,这是上高速公路了,1
3623,过度???,1
3622,这车一个比一个快,1
3620,好快的车车,1
3619,《劳逸结合》,1
3618,虎狼至此,1
3616,你都去势了,1
3608,当场榨干,1
3615,你们速度太快了,1
3614,打不过,1
3613,越强越好,1
3612,这不是去幼儿园的车！,1
3611,我身体好让我来,1
3610,小完能想阴一波花花，,1
3609,另一种意义上的输了,1
3587,一顿26斤,1
3585,嘟嘟嘟嘟,1
3584,哈哈哈哈。,1
3554,海王好忙碌,1
3561,记得,1
3560,时间奇才 田汐汐,1
3559,吃得消吗,1
3558,一日三餐加夜宵,1
3557,时间管理大龟,1
3556,什麼管理大師哈哈哈哈,1
3555,哇喔,1
3553,草，什么海王,1
3583,内方面是哪方面？,1
3552,花花苦主,1
3551,⊙∀⊙！,1
3550,《半夜》,1
3549,豁,1
3548,哇！,1
3547,不，是一年轮一次的,1
3546,哇好丰富,1
3562,可以分担,1
3563,一天四个的话,1
3564,那只狐狸,1
3565,艾露露要开始蹭饭了,1
3582,luozhix,1
3581,那方面（指吃我一拳那方面）,1
3580,补魔,1
3579,哪方面啊,1
3578,力速双A田汐汐,1
3577,时间刺客,1
3576,let you see嘛儿叫power,1
3575,完了，露露变苦主了,1
3574,哪方面呀？,1
3572,哪方面,1
3570,抛瓦！,1
3569,区区小河，海王小意思,1
3568,这么多要肾宝吗？,1
3567,那会是个大家庭确信,1
3566,身体不好怎么跟露露打拳,1
3454,扎了个寂寞,1
3453,? ? ? ? ? ?,1
3452,结扎了还能开的,1
3339,有点子怪哦,1
3346,哈哈哈哈哈哈哈推销保险,1
3345,花花：刚好骗回去泡乌龟酒,1
3344,外星语,1
3343,你们真的有点子怪哦,1
3342,别让她打杂，她上一个打工店已经被她烧了,1
3341,我还以为下雨了,1
3340,怪话这块说明白了,1
3338,恩,1
3349,汐汐，我要买保险！,1
3337,属实玩明白了,1
3336,田汐汐搁这玩gal,1
3333,智慧的气息,1
3332,花花：我常常因为不够变态，而融不入你们,1
3331,狗宝，他们好怪啊！,1
3330,太怪了太怪了,1
3329,坏了，全玩明白了,1
3347,连上了！一切都连上了！,1
3350,拳拳到肉,1
3373,一切都是汐汐的阴谋,1
3361,推销人身意外险，在场没一个是人类,1
3371,原来是连本的,1
3370,好恶毒啊,1
3368,保险区vup,1
3366,为了卖保险不容易,1
3365,你这上下段还连着是吧？,1
3364,连上了连上了,1
3362,我直呼好家伙,1
3360,好家伙，金牌保险销售,1
3351,推销保险了,1
3359,连上了,1
3358,花花打钱？？？,1
3356,加班了属于是,1
3355,让他整明白了,1
3354,缺保安吗？,1
3353,这波在大气层,1
3352,花花的鹿龟酒里缺龟壳吗,1
3328,乌龟泡酒？？？？,1
3327,东方厨探头,1
3326,龟语,1
3295,龟龟太会了,1
3303,痛并快乐就是爱情是吧,1
3302,等一下,1
3301,这可不给保啊,1
3299,ICU大乱斗,1
3298,这嘉宾算是全玩明白了,1
3297,病娇模拟器,1
3296,医院：我赚了,1
3294,保险先买了吧,1
3325,这是什么鬼地方啊,1
3293,建议先买保险,1
3292,虚研社风评被害,1
3291,牙败,1
3290,龟龟这是要七夕五人套餐是吧,1
3289,龟甲能防拳,1
3288,这是非诚勿扰还是WWE,1
3287,好生草啊,1
3304,吃我一拳JPG,1
3305,这两个人是病友吧？,1
3306,拳新家庭！！,1
3307,劲夫劲夫，全场欢呼！,1
3324,坏了，属实给她玩明白了,1
3322,坏了，给她整明白了,1
3321,？？？？艹,1
3320,坏了，太怪了,1
3319,全部上当了,1
3318,你办公室的垃圾桶里缺垃圾吗（）,1
3317,无情拒绝,1
3316,坏了，玩明白了,1
3315,好怪哦www,1
3314,我想起高兴的事情,1
3313,艾露露小心,1
3312,266和龟龟电波对上了,1
3311,松松！！！,1
3310,去医院办个金卡会员吧,1
3308,爱露露小心，她力速双A,1
3372,不愧是缝合怪,1
3374,不演了是吧,1
3451,7,1
3423,当年投票最多就是秃头,1
3430,小希陪我过七夕,1
3429,不是假发是桂,1
3428,设定都是真的,1
3427,假发之友带我一个o(*￣▽￣*)ブ,1
3426,业务范围很广,1
3425,可以一辈子共享桂，哦不，假发,1
3424,共享假发是吧,1
3422,桃桃快把希爹头拧下来、,1
3432,？？？？？？？、,1
3421,你可以卖假发了,1
3420,共享假发（）,1
3419,是我投的秃头吗,1
3418,和设定对上了是吧。,1
3417,小桃:麻了,1
3416,就用一根头发固定假发就行了,1
3415,田汐汐也是假发，属于比较配了,1
3431,艾宝:打拳啊姐妹,1
3433,艾露露的直球,1
3375,你好会卖保险啊,1
3443,露露？？？,1
3450,这属实不好说啊，不好说,1
3449,艾露露还只是个孩子,1
3448,艾露露结扎了岂不是可以一直那啥,1
3447,不能啊，保护动物,1
3446,绝育了草啊,1
3445,结扎了这,1
3444,噗哈哈哈。。。。。。。,1
3442,这是什么虎狼之词,1
3434,噗。。。,1
3441,？？？？？？？不至于不至于,1
3440,喜欢你的孩子是吧,1
3439,这,1
3438,结扎了草,1
3437,？？？、、、、、、、,1
3436,哈哈哈哈哈哈哈哈哈哈哈。,1
3435,肉麻,1
3414,社内（）,1
3413,桃桃发际线看起来就危,1
3412,李姐,1
3384,果然厉害,1
3391,泪目了，桃桃,1
3390,推销一下我前任和我女儿,1
3389,桃桃忍不住要偷吃了,1
3388,小希搬砖赚钱了,1
3387,说的没错，希爹，下次去D被桃桃打了也需要保险,1
3386,5块钱一斤,1
3385,贵不贵哈哈哈哈,1
3383,汐汐变身推销员,1
3411,亲妈,1
3382,保险多少钱一斤,1
3381,可是在场没有人,1
3380,所以你果然是来卖保险的是吧,1
3379,卖起来了，草,1
3378,七夕也要卖保险 生活不易啊,1
3377,原来是推销是吧,1
3376,优秀的保险推销员,1
3392,你这保险保熟吗？,1
3393,桃桃秃了,1
3394,非诚勿扰一转推销现场,1
3395,哈哈哈希桃私奔了,1
3410,头套,1
3409,好，然后现在全直播间都知道了,1
3408,龟龟也是假发,1
3407,原来当年的光头没有黑箱,1
3406,巧了，这时候该推销假发了龟龟,1
3405,桃桃要秃了,1
3404,有脱发险吗。,1
3403,桃桃是光头,1
3402,田汐汐也是假发,1
3401,拆台了,1
3400,老夫老妻可太懂了,1
3399,花花：你嫌贵，我还嫌贵呢,1
3398,桃桃要秃,1
3397,敏感肌可以买吗,1
3396,桃桃的开关果然不在手里,1
4037,是个好人,1
4196,希爹吃我一拳,1
4038,打,1
4947,一猪亿妻,1
4954,都是我的翅膀,1
4953,花花老婆还在生,1
4952,原来老婆要生了是这个意思吗,1
4951,不会去ICU吗,1
4950,动物表示：寄,1
4949,中不是更好？可以无限搞了,1
4948,露露在说啥？？？,1
4946,只是不能生孩子而已,1
4956,混乱的一,1
4945,可以和龟龟尽情的策马奔腾,1
4944,unia，前女友罢了,1
4943,露露大“势”已去,1
4942,绝杀了,1
4941,小桃不会1+2+3+4,1
4940,天呐 我能听吗,1
4939,结扎可以回复的 没事,1
4955,前妻？,1
4957,私下玩的很大,1
4898,反客为主,1
4967,？卡了,1
4976,牛头人直播间,1
4975,玩这么大？,1
4974,《你们玩挺大的呀》,1
4973,？奇怪又好了,1
4971,《 不 好 说 》,1
4970,艹艹艹艹艹艹艹艹艹艹艹艹艹艹,1
4969,孩子生出来带翅膀的,1
4966,牛起来了,1
4958,你的老婆是同一个老婆,1
4965,！！！？？？？,1
4964,？？？乱起来了,1
4963,马萨卡,1
4962,？！,1
4961,hhhhhhhhhh,1
4960,！？！,1
4959,战斗吧歌姬,1
4938,自信点 加强团,1
4937,哈哈哈哈？,1
4936,露露绝育了,1
4908,都是翅膀,1
4915,还差两个翅膀了属于是,1
4914,不愧是堕天使,1
4913,艹艹艹艹卄,1
4912,八艘跳开始了是吧,1
4911,我爱你和爱你的翅膀？,1
4910,群什么东西？,1
4909,不愧是堕天使 全家福,1
4907,一夫一妻,1
4935,草，绝杀,1
4906,群什么？,1
4905,胡桃的目标原来是其他男嘉宾,1
4904,谁会打牌就带走谁,1
4903,还有这种？,1
4902,《一起》,1
4901,不愧是小胡,1
4900,??,1
4916,太专一了,1
4917,五个人的七夕晚餐,1
4918,群趴体是吧,1
4919,亿夫亿妻是吧,1
4934,统领桃,1
4933,敲门笑话是把,1
4932,unia：那我呢,1
4931,今晚所有消费由胡公子买单,1
4930,·哈哈哈哈哈,1
4929,《还有小希》,1
4928,希爹抛弃桃桃吧,1
4927,加强连,1
4926,《加强排》,1
4925,开始语无伦次23333,1
4924,胡桃家还蛮大的,1
4923,光速吟唱,1
4922,桃桃急了,1
4921,桃桃：灯不是我按的，我没开关,1
4920,十二翼天使是吧,1
4977,牛牛！,1
4978,今晚疯狂刷阅历,1
4979,不好说哈哈哈哈,1
5029,今晚的消费由胡桃小姐全部买单！,1
5036,车，好快的车,1
5035,原野牟牟？,1
5034,???????????,1
5033,谁的？？？？,1
5398,群里蹲一下看看能不能蹲到希桃,1
5031,牛牛牛啊,1
5030,逆天了,1
5027,经典画饼,1
5018,好吃,1
5026,啤酒烤猪,1
5025,酒馆喝牛奶,1
5024,店小二来壶酒温两叠茴香豆,1
5023,你三我七,1
5022,烤全猪,1
5021,两个老板娘哈哈哈哈哈哈哈,1
5020,你不是男嘉宾么,1
5037,现榨是吧,1
5038,花花奶,1
5039,思想不正常,1
5040,？？；,1
5055,小胡还是厉害啊,1
5054,羊:我不做羊了,1
5053,怪起来,1
5052,谁是牛？？,1
5051,可以,1
5050,椰羊,1
5049,杨宝的牛奶,1
5048,你们在干什么！（哈人）,1
5047,福根涉猎的题材够多的,1
5046,杨的牛奶,1
5045,牟牟,1
5044,牛头人都奶,1
5043,今晚的助理司机就是露露了,1
5042,牛头人的奶哈哈哈哈,1
5041,？？？？？？？？？？？？？？？,1
5019,肘子配酒，越喝越有,1
5399,达咩,1
4980,但艾露露是牛头人（,1
4989,母夜叉逵逵,1
4997,桃桃没事，你吃再多我都要,1
4996,纯爱→有没有老婆今晚一视同仁,1
4995,嘿嘿 猪猪 嘿嘿,1
4994,《安全》,1
4993,毕竟是猪猪，当然吃得多,1
4992,猪是备用粮食,1
4991,有点吓人,1
4988,335,1
5017,正不正经啊，这酒馆,1
4987,《纯爱直播间》,1
4986,牛哇,1
4985,玩挺大呀,1
4984,孩子可能有对角,1
4983,玩大了,1
4982,这可太纯了,1
4981,今天是牛头人直播间,1
4998,吃烤翅,1
4999,烤全猪~,1
5000,卖,1
5001,15x23=335？？。,1
5016,肘，跟我进屋,1
5015,烤肘子配啤酒 嘶溜,1
5014,啤酒配烤猪,1
5013,啤酒配烤猪肘~就很棒,1
5012,温两碗酒，要一碟茴香豆,1
5011,卖什么东西？,1
5010,肘子？,1
5009,红酒猪肉,1
5008,胡桃，危,1
5007,直播卖花生米？哈哈哈哈,1
5006,猪猪，小小的，香香的，,1
5005,迅雷种子,1
5004,猪肉脯,1
5003,她的酒馆对你打了烊,1
5002,这怕不是洒楼,1
4899,未曾设想的道路,1
4897,一夫一妻制,1
5057,哞哞,1
4785,亏了,1
4794,流向改变了,1
4791,BGM,1
4790,其他人的金额不同,1
4789,赢了！！！,1
4788,晚上好!,1
4787,BGM？？？,1
4786,血赚啊~,1
4784,群发哈哈哈,1
4796,勝ったぞ！！！！！,1
4782,导播是大笨蛋,1
4781,诶,1
4780,老年人？,1
4779,这是在厕所录的吗？,1
4778,？？这贯耳的回声。,1
4777,这不能要,1
4776,厕所直播,1
4795,哈哈哈哈哈哈哈哈哈哈或或或或或,1
4797,完 全 失 败,1
4895,提到钱就起劲,1
4807,1+3+1+4=9  要来了！,1
4814,你这个朋友我交定了,1
4813,导播和桃桃一个水平,1
4812,可以和桃老师切磋数学,1
4811,虚研带专出来的吧,1
4810,数学和兰音学的,1
4809,数学是桃桃教的,1
4808,分手理由,1
4806,她太会赚钱了,1
4799,哈哈哈红红火火恍恍惚惚,1
4805,1314 哭了,1
4804,这数学跟桃桃一个水平,1
4803,这数学是虚研带专里学出来的吧,1
4802,意义不明,1
5400,哼你个傲娇,1
4801,这是赚了？,1
4800,血赚,1
4775,楼道直播,1
4774,小希的麦没关,1
4773,群发1314哈哈哈哈,1
4741,胡桃：我是个专一打游戏的人,1
4752,里再锁什么呀销户,1
4751,亿起打游戏,1
4750,能力越大，责任越大,1
4749,《都专一》,1
4748,专一的二婚,1
4747,懂了，是dd,1
4742,专一但不诚实,1
4740,对每一任都很专一,1
4772,希爹有回音啊,1
4738,胡桃Usa：我觉得我是,1
4737,是吗,1
4736,《我是》,1
4735,你最好是,1
4734,《专一》,1
4733,专 一,1
4732,我是（,1
4753,专一地爱很多人,1
4754,、对每一个人都专一也是专一,1
4755,果然单腿人是吧,1
4756,专一（群）,1
4771,回音,1
4770,死 亡 回 声,1
4769,二重奏,1
4768,有肥音,1
4767,群发,1
4766,有回声,1
4765,富婆,1
4764,誰でも大好き,1
4763,aoe专一,1
4762,老专一了,1
4761,情人节,1
4760,我要精二专三90记得,1
4759,心碎成了很多片给了每一个人JPG,1
4758,胡桃：两届女王赛优胜,1
4757,重新定义专一,1
4815,在家里掌管财务 不怕自己没钱花,1
4816,数学这么好，有兴趣来虚研社发展吗,1
4817,335是多少乘多少来着,1
4868,丈育成优势了草,1
4875,谨防新型网络诈骗,1
4874,桃桃感觉不大行,1
4873,交给我吧‘’,1
4872,】,1
4871,这个好,1
4870,六边形？,1
4869,攻守互换,1
4867,艾露露，痴了,1
4858,戳中了,1
4866,数学天才,1
4865,你这朋友我交定了,1
4864,1+3+1+4和1+2+3+4哪个难do,1
4863,女嘉宾狂喜,1
4862,效果满分,1
4861,那么问题来了,1
4860,恐怖如斯,1
4876,三号男嘉宾杀手锏来了,1
4877,好！招入虚研社,1
4878,六边形几个角？,1
4879,草，这很符合虚研村找人标准（）,1
4894,全收集（）,1
4893,龟龟按奈不住了,1
4892,准备吃6人餐是吧,1
4891,7个角,1
4890,一起（）,1
4889,都是我的翅膀！,1
4888,我们一起,1
4887,全是见钱眼开的屑,1
4886,问下胡桃六边形几个角,1
4885,桃桃15*23地多少？,1
4884,那么问题来了，销户存了多少,1
4883,没事小希就是虚研社的算力天花板,1
4882,首先排除虚研社,1
4881,找个傻子最幸福）,1
4880,atm卡组是吧,1
4859,这个杀伤力有点强,1
4857,艹艹,1
4818,怪不得要看5DS学加法,1
4827,1 3 1 4真多,1
4834,她太会了,1
4833,血亏,1
4832,过载了,1
4831,《15*23=335》,1
4830,优点（缺点）,1
4829,娶来家管钱，就不怕没私房钱了,1
4828,这是收买,1
4826,少小不努力，长大VTB,1
4856,我悟了,1
4825,建议展示一下成语技能,1
4824,啊，是吧,1
4823,过节会群发1314 好女人,1
4822,请嘉宾灭灯,1
4821,强大的运算能力,1
4820,那感觉和小桃很配,1
4819,你跟兰音坐同桌的是吧,1
4835,说得好,1
4837,见钱眼开的屑,1
4838,旗鼓相当的数学,1
4840,哈,1
4855,男嘉宾好会,1
4854,我爆灯了,1
4853,不会算数（这是优点）,1
4852,啊这。。。。,1
4851,（）龙（）雏,1
4850,虚研设都不会,1
4849,不愧是虚研带专,1
4848,数学天才的较量,1
4847,我头都大了,1
4846,第三个优点的第二个优点,1
4845,有来有回,1
4844,虚拟区优秀的匹配机制,1
4843,坏了，憨还会传染,1
4842,叽叽喳喳,1
4841,嗯 还行,1
5056,你们怎么都给牛取奇奇怪怪的名字？,1
5058,才 艺 展 示,1
4730,灵魂发问,1
5274,刻进系统,1
5281,好腋！,1
5280,花花鸭 好耶,1
5279,桃桃不愧是你,1
5278,竟然还有意外收获,1
5277,小ai哪来的锁骨,1
5276,不应该纹在散热器上吗,1
5275,刻进你的底层代码里,1
5273,写在代码里,1
5283,刻进代码里,1
5272,花花鸭,1
5271,鲨了希爹,1
5270,花花快把小希绑回去,1
5269,蚌埠闸了,1
5268,明天就看不到小希,1
5267,哈哈呀,1
5266,有笨蛋，我不说是谁,1
5282,玩儿挺大,1
5284,应该刻散热器上,1
5224,喝，都可以喝！,1
5294,福根你在想些啥呀,1
5301,爹妈吵架现场（悲）,1
5300,一边刻字,1
5299,福根你把持住一点,1
5298,多人?,1
5297,各过各的,1
5296,？？？？？？？？？？？？？？？？？？？？？？？,1
5295,小完能疯了？,1
5293,(´｡･v･｡｀),1
5285,花花鸭、哈哈呀,1
5292,晚上回来怎么办呢？,1
5291,闹挺大,1
5290,玩这么大吗,1
5289,玩挺大啊,1
5288,锁骨就是视而不见！(=・ω・=),1
5287,？？！？？,1
5286,正正正,1
5265,非诚勿扰,1
5264,什么丈育,1
5263,越 描 越 黑,1
5235,杨明远产的奈,1
5242,去就把你散热器拆了,1
5241,鸭,1
5240,散热器打折,1
5239,给100度的酒,1
5238,不会穿模吗,1
5237,把你散热器拆了,1
5236,打，打骨折,1
5233,打骨质,1
5262,花花嘿呀,1
5232,打折（she）,1
5231,打折，腿打折,1
5230,直接打骨折,1
5229,我觉得我是打骨折,1
5228,艾露露想和杨宝的牛奶,1
5226,好的打骨折,1
5225,骨折（,1
5244,105度的酒,1
5245,打对折,1
5246,不太熟,1
5247,草 绷不住了,1
5261,真的不熟,1
5260,把另一条也打折,1
5391,现在是什么环节了？,1
5259,淡了，感情淡了,1
5258,不熟，真不熟,1
5257,小希你必被刀,1
5256,我跌让大家见笑了,1
5255,haya,1
5254,小希都没弟过的女人,1
5253,真不熟啊真不熟,1
5252,不太了解不太熟,1
5251,真不熟.jpg,1
5250,属实不熟,1
5249,笑死我了。,1
5248,周黑鸭,1
5302,涩,1
5303,羊牛奶,1
5304,一起喝牛奶,1
5352,刚来，滚去看录播了,1
5360,拜拜~,1
5359,肚脐下面专业啊,1
5358,晚安啦,1
5357,晚安欢乐喜剧人们,1
5356,感谢希爹的问号风暴,1
5384,大家懂得都懂,1
5353,我刚来,1
5351,很有意思的一回,1
5342,爸爸,1
5350,刚进来就完了,1
5385,我不懂,1
5348,8,1
5386,看来是去度蜜月去了(=・ω・=),1
5387,晚上小希好忙的好吧——要陪好几个老婆过节,1
5346,刻个血红色的,1
5345,再见,1
5361,真拜拜啊，我以为开玩笑呢,1
5362,品红渐变,1
5363,我去  刚来,1
5365,今天希爹自己下播了吗,1
5382,只有七夕准时下播，懂的都懂,1
5380,没有小剧场了哭唧唧(´；ω；`),1
5379,正正正正正,1
5378,正  正,1
5377,刚来就没了？,1
5376,今天竟然老实下播，886,1
5375,今天情人节她们过节去了,1
5374,付费内容start,1
5373,刻个“早”字,1
5372,晚安了,1
5371,晚安晚安,1
5369,拜拜拜拜拜拜,1
5368,有付费内容吗,1
5367,拜拜拜拜,1
5366,可以刻个出入平安吗？？,1
5344,8888888888888,1
5341,886886886,1
5305,太怪了……再看一会儿,1
5314,太怪了，摩多摩多,1
5322,汝妻吾养之,1
5320,小桃真的是欢乐喜剧人,1
5319,桃桃一股醋味,1
5318,汝妻子我养之,1
5317,什么虚拟曹操,1
5316,哈哈哈哈哈哈哈哈哈哈哈哈,1
5315,福根注意啊,1
5313,好怪啊，再看一眼,1
5340,但是真的很好玩,1
5312,小完能你冷静一点,1
5311,嘉宾快跑啊！离那个黄桃罐头远点,1
5310,和杨的牛奶,1
5309,有画面了,1
5308,艾露露把持住,1
5307,这么感觉没记住花花名字反而花花血赚,1
5306,细说刻字,1
5323,曹操,1
5390,今天希爹半夜在群里冒泡，不忙才怪,1
5324,桃孟德是吧,1
5325,花花血赚,1
5339,z8888,1
5338,刻几个正？,1
5337,我刚进来！！！,1
5336,小希小桃憨得要死哈哈哈哈哈哈哈哈哈哈哈哈,1
5334,？拜拜,1
5388,时间管理大师希,1
5333,今晚太好看了,1
5332,8888888888888888,1
5389,狗宝这是来看看下播了吗？,1
5331,辛苦啦,1
5330,节目效果挺好的,1
5329,小希小桃真的是欢乐梗王,1
5328,我与那曹贼何异,1
5327,桃老师永远是你老师,1
5326,你们都好怪哦,1
5392,下播了,1
5223,丈育是这样的,1
5059,怎么哪里都有牛批,1
5112,你目标不是所有男女嘉宾吗,1
5119,unia——,1
5118,胡桃快回去播5ds,1
5117,突然泪目 = =,1
5116,挽留哈哈哈哈,1
5115,胡桃，隔壁unia对你破口大骂了,1
5114,开口就是国粹的美少女，谁会不喜欢呢,1
5113,胡桃哈哈哈哈哈哈哈哈哈哈哈哈爱了,1
5111,隔壁伴爱孤寡老人一个,1
5120,哈哈哈哈哈哈哈哈哈哈哈哈去找别的女人吧,1
5110,小希的眼中只有桃桃,1
5397,不贴，,1
5109,花花的老婆是不是生一晚上孩子了（）,1
5108,其实只留了一盏（）,1
5107,国粹讨人喜欢,1
5105,那是,1
5104,目的明确,1
5396,晚安各位~,1
5121,不愧是桃桃,1
5222,羊的牛奶？,1
5130,好耶 抽奖,1
5136,现在来还来得及吗,1
5135,在吗，村民等着发老婆被,1
5394,结束曲,1
5134,在吗,1
5133,有人老婆还让别人带走了,1
5132,带走可还行,1
5131,郑哥你暗恋的对象已经在别人床上了,1
5129,我永远喜欢小希！,1
5122,如果让你重新爱我,1
5128,为所有爱执着的痛…为所有恨执着的伤……,1
5127,“女 德”,1
5126,可太纯爱了,1
5125,放置play,1
5124,开口就是国粹的女人，谁会不喜欢呢,1
5395,楼上的贴贴,1
5123,互相找别的女人哈哈哈,1
5103,一对一相亲,1
5102,好耶！！！,1
5101,吃破产,1
5071,花花胜利,1
5079,99折,1
5078,好耶酒馆菜单追加（）,1
5076,1人1个，谁都不许多选,1
5075,全场最靓的猪仔,1
5074,纯爱战神胡桃,1
5073,ohhhhhhhh,1
5072,牛奶的胜利,1
5070,ohhhhhhhhhh,1
5100,提问，小桃和阿尔托莉雅谁更能吃,1
5069,毕竟孩子都有了,1
5068,哦哦哦,1
5067,胡小姐肯定全都要,1
5065,没办法 他给的太多了,1
5063,不应该是谁的奶吗,1
5061,色福根,1
5060,孤寡老人登场,1
5080,喝醉了就睡，没关系的（）,1
5081,今晚每人都配上了，太好了,1
5082,得加钱,1
5083,收!还得加钱,1
5099,你一定会找到更好的心塞(´-ωก`),1
5098,直接破产,1
5097,进货没吃得快,1
5096,炒两本菜单,1
5095,不紧要收，还得加钱,1
5094,桃桃确实养不起,1
5093,开的自助吗，怕甚,1
5092,花花获得最后胜利,1
5090,今晚配对来的,1
5089,分手快乐，祝你快乐,1
5088,饭量太大哈哈哈哈,1
5087,我房里有些好康的,1
5086,小桃我的,1
5085,一人吃穷一家酒馆,1
5084,桃哥全责,1
5137,求分配,1
5138,村民等着发老婆呢,1
5139,谁的电话响了,1
5195,被勾MC气晕,1
5202,毒了吧,1
5201,你不会生气吧~,1
5200,国产AI，理解理解,1
5199,20折,1
5198,刀准备好了,1
5197,狗宝开始了,1
5196,给你准备了红茶（,1
5194,草，虾饺,1
5183,花花被气晕,1
5193,当场报仇！,1
5192,把小希刀了,1
5191,扎心了,1
5190,小松小桃,1
5189,试图找补，找补失败,1
5188,英语不好,1
5186,矮露诶斯,1
5203,当初报仇,1
5204,给你手脚都打折,1
5205,给你打个骨折,1
5206,下毒是吧,1
5393,下播环节,1
5221,喝地瓜烧,1
5220,喝美少女的冷却液,1
5219,ai咋喝酒,1
5218,真打折,1
5216,灌醉卖了,1
5215,打个十八折,1
5214,打成骨折,1
5213,找茬是吧,1
5212,去酒吧会把小希腿打折,1
5211,毒酒伺候,1
5210,其实小希是故意的，这样记忆力就更加深刻了。,1
5209,羊奶是吧,1
5208,刀了哈哈,1
5207,狗宝亲自下场带节奏,1
5184,花花急了,1
5182,就是花花鸭,1
5140,露露的电话？,1
5149,真随便拉啊,1
5159,希爹！老婆！,1
5158,桃桃是妈妈,1
5157,你不是希爹吗,1
5156,不是新发吗？（）,1
5155,我们只会给艾露露一拳,1
5151,老婆！！！！！！,1
5150,子辰有小奈,1
5148,谁的电话响了哈哈哈,1
5180,小希你？！,1
5147,在？给帅老DD们发一伴？,1
5146,今天爽了,1
5145,肯定是艾露露电话,1
5144,花花老婆又打电话了,1
5143,外卖嘛？,1
5142,所以……子辰有对象了吗？（）,1
5141,有人老婆跟人跑了,1
5160,ll,1
5161,桃桃老婆！！,1
5162,你先,1
5163,确实连孙女都有了,1
5179,什么叫专业！,1
5178,也请大家关注艾露露ailurus哦,1
5177,233333333333333,1
5176,又是爹又是老婆,1
5175,噗哈哈哈哈,1
5173,D了,1
5172,隔壁伴爱还是孤寡老人一个,1
5171,狗宝晚上好,1
5170,净赚两个币,1
5169,你先发，因为是先520后1314,1
5168,你先发,1
5167,你是我爹,1
5166,小希终于承认是我们老婆啦！,1
5165,老婆在上，受儿臣一拜！！,1
5164,时间都去哪了？还没好好的，你就老了,1
4731,你是吗？,1
4729,她是猪,1
4039,不打？难怪灭灯了,1
4267,老婆又要生了,1
4276,老婆也帮你养JPG,1
4274,让柔宝去啊,1
4272,花花日常有老婆,1
4271,又生了 草,1
4270,卑微,1
4269,孩子我帮你养,1
4268,整场小希分数14.7分,1
4266,老婆要生了,1
4278,拱火啦,1
4265,网线断了wwwwwwwww,1
4264,操,1
4263,希爷：我有宇宙战舰,1
4262,房管出来干活了,1
4261,桃桃哭了,1
4260,让小柔去,1
4259,有人控制两盏灯,1
4277,汝妻子吾养之,1
4279,新型片哥,1
2939,不是海龟么,1
4289,拱火王艾露露,1
4296,可是你是风冷啊,1
4295,希总裁,1
4294,《水冷液》,1
4293,喜欢你的霸道,1
4292,永远酱是好女人呜呜呜,1
4291,小完能太屑了，一直在拱火,1
4290,《这也太霸道了》,1
4288,拱火是吧,1
4280,艾露露拱火了,1
4287,哦。。。。。,1
4286,拱火,1
4285,拱，都可以拱,1
4284,好家伙，有点乱啊，耳朵疼,1
4283,艾露露疯狂拱火,1
4282,露露反抗不了,1
4281,艾露露一直在拱火,1
4258,小桃要坚强,1
4257,片哥上个舰呗,1
4256,我谢谢你哈,1
4225,片哥上个舰,1
4234,我的天片哥,1
4233,片哥来了,1
4232,片哥！,1
4231,片哥真智能,1
4230,片哥上个舰吧,1
4228,坏了啊,1
4226,怎么用？,1
4223,好用吗,1
4255,让小柔去不就解决问题了,1
4222,细说怎么用,1
4221,用！,1
4220,好用吗？,1
4217,什么?,1
4215,细说怎么用？,1
4214,你们不是吃电池？,1
4213,用？,1
4235,woc，片哥！,1
4236,这场面还真没见过,1
4237,这是！,1
4238,拱火大师,1
4254,什么大手,1
4253,这片哥怎么推荐的是b站的，那有什么好看的,1
4251,把柔宝带上去就行,1
4250,片哥上个舰啊,1
4249,片哥进化了,1
4248,上舰片哥,1
4247,片哥上个总督,1
4246,硬核异地恋,1
4245,片总打sc，不然看不见,1
4244,这片哥真的假的,1
4243,福根疯狂拱火哈哈哈,1
4242,片哥上舰！,1
4241,小希我们用过了，不然你以为小桃哪里来的？,1
4240,我超，片哥,1
4239,我超片,1
4297,你哪来的水冷？,1
4298,小——桃——,1
4299,水冷液。。。,1
4350,太怪了，再看一眼,1
4359,反复拱火,1
4358,四个女朋友,1
4357,三角形是最稳定的形状,1
4356,艾露露试图拱火,1
4355,淘淘你说话啊,1
4353,女生水冷液自用九成新,1
4352,酸了,1
4349,飙车了,1
4340,？女生的九成新,1
4348,把门开开啊！,1
4347,小希的液体,1
4346,请主播间珍惜主播,1
4345,请珍惜,1
4344,我夸父？,1
4343,好家伙我刚进来怎么车门就焊死了,1
4342,桃桃？？？？？？？？？？？,1
4360,针不戳,1
4361,桃桃呜呜呜,1
4362,大家庭JPG,1
4363,白学构图,1
4379,艾福根你坏事做尽,1
4378,胡桃！！！！！！,1
4377,猪！！,1
4376,桃桃呢,1
4374,桃桃别磨斧子了，说句话啊,1
4373,你来得正是时候,1
4372,哪个店《七夕三人套餐》啊喂,1
4371,好哎,1
4370,桃桃你的板斧呢？,1
4369,《私下里可以的》,1
4368,从此改名小桃channel,1
4367,大家庭。JPG,1
4366,三羊开泰,1
4365,细说私下,1
4364,桃桃，你说句话啊,1
4341,各位另一个粉色APP搞快点,1
4339,小心漏液,1
4300,永远酱是好孩子呜呜呜,1
4310,你细说,1
4317,醒醒你是风冷啊,1
4316,醒醒，你的是散热片,1
4315,怪不得,1
4314,你不是自然散热吗？,1
4313,那我要喝小桃的,1
4312,露露的好问题,1
4311,从CPU抠出个地下室了,1
4309,永远酱呜呜呜呜,1
4338,好怪啊？,1
4308,胡说，你是风冷,1
4307,OMO,1
4306,桃桃：小希你慢慢说，我就看着，晚上回去你惨了,1
4304,什特么水冷液,1
4303,阿？,1
4302,升级了？,1
4301,可你不是水冷啊,1
4318,小希不是风冷？,1
4319,(ﾟДﾟ≡ﾟдﾟ)!?(ﾟДﾟ≡ﾟдﾟ),1
4320,可你是风冷啊,1
4321,你是风冷啊,1
4337,请珍惜直播间,1
4336,小桃，你在干什么,1
4335,？？？？？好怪哦,1
4334,全体向希爹表白,1
4332,水冷液是什么新的XP啊,1
4331,希呀，你是风冷,1
4330,醒醒，你是风冷,1
4329,头上的散热器,1
4328,小希你是自然散热啊,1
4327,希爹和永远娘呜呜呜,1
4326,你这被动散热的哪里来的水冷液...,1
4325,水冷的○液,1
4324,小希 你是被动散热啊！,1
4323,露露节奏把控很到位,1
4322,小希也不是水冷啊,1
4211,用？？？？,1
4210,露露吃我一拳,1
4381,猪猪 ！,1
4089,又,1
4096,忍一下,1
4095,我的房子还蛮大的,1
4094,小希：我是小桃单推人，你说是吧，兰兰？,1
4093,很大,1
4092,《擅长》,1
4091,你就是馋她游戏技术,1
4090,灭了灯，还是朋友,1
4087,密室逃脱,1
4098,杰哥不要啊,1
4086,我超，别！,1
4085,桃桃又被卖了,1
4084,《身体不好》,1
4083,《男》,1
4082,经典身体不好，又来wwwwwwwwww,1
4081,永远酱哭了,1
4080,小希指定是不行了,1
4097,一个情人负责rua，一个负责打游戏,1
4099,陪~我~到~最~后~,1
4209,像美杜莎要回魔界的夹心酱,1
4110,打铁游戏,1
4119,真实音游,1
4118,《 音 游 》,1
4117,确实不难,1
4114,《一 点 都 不 难》,1
4113,当当当是吧,1
4112,一点都不难,1
4111,=。= 还行,1
4109,很简单熟悉就行了,1
4100,永远酱带我走吧呜呜呜,1
4108,哈哈哈 不难的打铁游戏,1
4107,线上游戏的老婆不可能是永远酱？,1
4106,黄桃,1
4105,延迟不小啊,1
4104,桃桃的开关在小希手里,1
4103,女儿吃着又忘记关灯了，等下又被买了,1
4102,懂了，小希只想找游戏大腿,1
4079,震撼一整年,1
4078,《又》,1
4077,密室细说,1
4048,你这  噗,1
4055,乱的离谱,1
4054,永远酱的特长之一就是拆蛋,1
4053,今天一刀一个牛头人,1
4052,你也是曹操？,1
4051,太屑了小行星,1
4050,没关系,1
4049,《非情勿扰》,1
4047,这坏东西,1
4076,？？？你想的是什么密室,1
4046,你们是个大家庭,1
4045,情人卡对上了好人卡,1
4044,曹贼是吧,1
4043,天生一对,1
4042,不打，但是阉猫,1
4041,《没关系》,1
4040,用她的钱,1
4056,老曹操了,1
4057,4个人,1
4058,这小完能太屑了！,1
4059,什么怪party,1
4075,排列组合,1
4074,关系太复杂说好的一起打游戏呢？,1
4073,妈妈,1
4071,这小行星也是个大海王,1
4070,？ ？ ? ? ? ? ? ? ? ? ,1
4069,没关系啊,1
4068,这个这个那个那个,1
4067,会被JC叔叔抓的哦,1
4066,艾露露快跑，永远酱拆蛋专家,1
4065,这算聚众内啥吧。。。,1
4064,过于离谱,1
4063,一大堆人约在花花酒馆是吧,1
4062,打麻将,1
4061,不打你但是噶你蛋蛋啊,1
4060,贵圈真乱,1
4120,音乐游戏,1
4121,？？？？？骗鬼呢,1
4122,????重新定义只狼,1
4180,永远星上都是猫,1
4187,合理运用游戏规则,1
4186,四个评委里有一个属牛的，我不说是谁,1
4185,266或成最后赢家,1
4184,再来个小柔吧,1
4183,我超，别,1
4182,露露拱火有一手,1
4181,打起来，打起来,1
4179,名场面,1
4168,好戏！,1
4178,没事，永远星很大，可以一起去,1
4177,好家伙，乱起来了,1
4176,四个女人一台戏,1
4174,一出好戏,1
4173,赶紧灭,1
4171,哈哈哈哈哈哈哈哈哈哈哈真服了,1
4170,呼吸灯是吧,1
4188,反复横跳,1
4189,MC罪大恶极,1
4190,开拱！,1
4191,呼吸灯,1
4208,snp主播,1
4207,ai也要吃饭吗,1
4206,带你去希爹家里吃JPG,1
4205,下水道是吧,1
4203,你们不是吃电？,1
4202,露露在拱火，把她送出去（doge）,1
4201,永远星有香蕉园,1
4200,夏天热傻了,1
4199,只能说恭喜小希小桃牵手成功,1
4198,母亲替女儿做主，很合理,1
4197,天才,1
4195,woc这才是你的目的吧，小希,1
4194,打起来打起来打赢了的过去,1
4193,小希用实力证明，即使和桃桃在同一侧，也可以……,1
4192,《我全都要》,1
4169,隔岸观火艾露露,1
4167,灭了不能重新亮的,1
4123,哈哈哈哈 永远酱太可爱啦,1
4133,晚上好鸭,1
4141,格    式    塔,1
4139,又要蚌埠住了,1
4138,高情商啊,1
4137,小希:？？？？,1
4136,？？？？？？、、,1
4135,动一次，被打一次,1
4134,可以的,1
4132,本质音游,1
4166,杀疯了杀疯了,1
4131,音游其实也没错，主要是那个节奏,1
4130,小桃：喜欢吃吗？,1
4129,动一次，死一次,1
4128,杀上瘾就不难了,1
4127,重新定义音乐游戏,1
4126,礐石,1
4124,《 特 别 简 单 》,1
4142,牛头人X2,1
4143,小永小桃channel,1
4144,小希疑惑,1
4147,《还行吧》,1
4165,慌啥，小希小桃一个账号，她们可以算一个AI,1
4164,不愧是露露,1
4163,好看,1
4162,直接反杀,1
4161,哈哈哈鲨疯了,1
4160,反复亮灯wwwwww,1
4159,希爹回归,1
4157,反杀,1
4156,动用裁判权限了属于是,1
4155,还行吧哈哈哈哈,1
4154,茶茶,1
4153,快进到艾露露毕业,1
4152,那带小柔走吧,1
4150,哈哈哈哈哈哈艾露露,1
4149,永远小桃channel,1
4380,胡桃快睡着了吧哈哈哈,1
4382,好大！！！！,1
4728,花花没掉线吧,1
4615,这会儿有了,1
4623,刚才集体沉默,1
4621,刚才莫得,1
4620,刚才蜜汁沉默,1
4619,现在有了，刚放完没有,1
4618,刚才没有，现在有了,1
4617,全场沉默了,1
4616,灯，灯灭了,1
4614,那露露你干嘛灭灯,1
4625,问题：《别烦我》,1
4612,桃桃我爱你,1
4611,刚刚迷之沉默,1
4610,好了好了,1
4609,有啊,1
4608,正常了,1
4606,现在好了,1
4604,バツイチ,1
4624,灭了3个灯了吗,1
4626,婚姻破裂,1
4556,我来孤寡了,1
4636,女人只会影响我打枪的速度,1
4644,威胁还行,1
4643,给他个机会重新来过,1
4642,刚刚刚刚空气忽然安静,1
5402,都母单吗？,1
4641,上一个还好吗,1
4639,太恐怖了,1
4638,堕天使の威胁,1
4635,破裂了,1
4627,想知道是怎么没的,1
4634,带来家暴,1
4633,因为影响打派,1
4632,感情破裂（,1
4631,露露好憨啊，当然希酱也是,1
4630,直接破瓜子破摔,1
4629,新的人,1
4628,au：？？？,1
4603,有了有了,1
4602,福根又开始了是吧,1
4601,刚刚没有,1
4568,死 亡 沉 默,1
4576,？？？？？？？？？、、迷之沉默,1
4575,《二婚》,1
4574,世界陷入了寂静,1
4573,突然间的沉默,1
4572,静音了？,1
4570,声音太小,1
4569,1哈哈哈哈,1
4567,露露沉默了,1
4598,声微饭否？,1
4565,死一般的寂静,1
4564,声音？,1
4563,突然的安静,1
4562,小希，嘉宾声音,1
4561,静止画面？,1
4560,同志们没开麦,1
4559,我卡了 ?,1
4577,我喇叭坏了,1
4578,尬住,1
4580,小希嘉宾声音,1
4581,咱听不到！,1
4597,这是在找人开黑,1
4595,让我们也听听胡桃说的什么啊,1
4594,你尔聋吗！！！！,1
4593,沉默是今晚的虚研村,1
4592,原来是我聋了啊,1
4591,二婚咋了,1
4590,女嘉宾看了会沉没233333333,1
4589,其他人的声音非常低,1
4588,闭麦,1
4587,直播事故,1
4586,小希开了沉默,1
4585,没开麦啊？,1
4584,斯~~~~~,1
4583,就怕空气突然安静,1
4582,哑巴囤是吧,1
4645,病娇了,1
4646,已经开始威胁了,1
4647,好 亮灯的都是想八卦的,1
4699,今晚好跳啊福根,1
4707,赢了你就是我的人了（）,1
4706,喜欢单独送人头是吧,1
4704,女人只会妨碍我拿世界第一,1
4703,世界第一只能有一个！,1
4702,做蛋,1
4701,真的。,1
4700,露露和希酱打一架打一架,1
4698,王只能有一个！,1
4689,二狗抢麦了,1
4697,对对对（哈哈哈哈哈）,1
4696,《有病吧》,1
4695,花花咋不说话,1
4694,福根又开始了哈哈哈,1
4692,小希之前鸭枪,1
5401,名字起的这么像咱们很巧唉,1
4691,露露疯狂拱火,1
4709,怕k头是吧,1
4710,心中无女人，拔枪自然神,1
4711,老六是吧,1
4712,女人只会影响我拔枪的速度,1
4727,继续自爆,1
4726,爱吃,1
4725,《帅气》,1
4724,王的决斗一定是娱乐,1
4723,孤（落）军（地）奋（成）战（盒）←_←,1
4722,讲讲嘛 没事的,1
4721,又扯回来了,1
4720,立于世界顶点的只能有一个,1
4719,草草草草,1
4718,王的决斗一定要娱乐.jpg,1
4717,翻过那座山！,1
4716,其实是自闭不敢排,1
4715,整场直播被露露玩弄于股掌之中,1
4714,干掉队员,1
4713,心中无女人，打枪自然准,1
4690,有病吧,1
4688,这是反客为主？？,1
4648,直接威胁,1
4657,一起打不就好了,1
4664,倒,1
4663,durk game（,1
4662,都较真的话不是可以一起成为世界第一吗！,1
4661,鸭王《还不错》,1
4660,彼此打枪的速度,1
4659,pubg,1
4658,cs1.5,1
4656,小希有给谁留过灯吗？,1
4687,压枪冠军）,1
4655,上一个还活着吗,1
4654,销户你在做什么呀,1
4653,究极直男没女人喜欢（）,1
4652,额。。。,1
4651,小胡居然病娇了,1
4650,因为影响开枪的速度,1
4649,嘶~~~~~~,1
4665,OvO？？？,1
4666,《打的还不错》,1
4669,鸭王争霸战是吧,1
4670,鸭王争霸赛,1
4686,一直以为是解说,1
4685,周黑鸭帮,1
4684,希酱你在说什么呀,1
4683,压枪？,1
4682,鸭王真爸赛,1
4680,倒数第一,1
4679,话题引来了片哥,1
4678,艾露露说到打枪就精神了,1
4677,赢了几局捏,1
4676,dark♂van,1
4675,周黑鸭枪,1
4674,鸭王希,1
4673,鸭，枪,1
4672,细说压枪,1
4671,打得不错,1
4558,死一样寂静 草,1
4555,斯~,1
4383,哑了是吧,1
4437,这发型认真的吗？,1
4444,这个画面配这个话有点,1
4443,是到的发型,1
4442,打牌发型,1
4441,平角裤平角裤,1
4440,说自己靠谱往往不靠谱吧？,1
4439,不厉害的帅 =。=,1
4438,还有钢之魂,1
4436,跟报幕演出似的,1
4446,还很会打牌（,1
4435,导播哈哈哈哈,1
4434,这样说话像是人类高质量女性,1
4433,经典播错wwwwww,1
4432,有点（确信）,1
4431,内在（指肥肠 里脊 猪肚 腰花）,1
4430,胡桃usa（战损ver,1
4429,高质量堕天使匹配高质量女性,1
4445,人类高质量女性求关注音频,1
4447,爱了,1
4554,声音，,1
4458,单挑，可以单推吗（,1
4467,怎么又出现了新的女人,1
4466,哈哈哈哈哈unia的声音,1
4463,认真游戏,1
4462,还有250圆的塔玛希,1
4461,认真型猪,1
4460,还很会打牌,1
4459,单挑(大嘘),1
4457,换成打牌发型？,1
4448,哦~,1
4456,胡小姐哑成这样了，来嘲笑,1
4455,你还被黑龙单杀了50次,1
4453,黑龙表示很赞,1
4452,艾露露打游戏就突出一个丢人,1
4451,这发型可太帅了,1
4450,强者的发型,1
4449,是打牌的发型,1
4428,堕堕人表示v发言和粉丝无关,1
4427,油起来了,1
4426,可以来一个气泡音hroyoi吗,1
4394,它给的实在太大了,1
4402,小胡嗓子哑了,1
4401,性感沙哑胡羽纱,1
4400,胡桃可爱,1
4398,销户来了，好耶,1
4397,这位嘉宾一看就不怎么会打牌,1
4396,露露没了(ಡωಡ)hiahiahia,1
4395,不够大,1
4393,2只桃子齐聚一堂,1
4425,田一名警告,1
4392,多少钱一斤啊,1
4391,好大猪头（）,1
4390,我先笑为敬哈哈哈哈,1
4389,精致猪猪胡桃！,1
4388,胡桃！来决斗吧！,1
4387,猕猴桃！,1
4384,胡桃！！！！,1
4403,飒爽の胡桃,1
4405,什么？英雄？,1
4406,性感气泡音的猪,1
4407,小胡的沙哑音来啦,1
4424,堕天使高质量男性,1
4423,《 哎 呦 》,1
4422,来点高质量,1
4421,小桃可爱(๑• . •๑),1
4420,胡桃Usa（七夕限定版）,1
4419,性感~,1
4418,这下开始了,1
4417,英雄可不能临阵脱逃啊,1
4416,哒哒哒哒usa,1
4415,性感销户,1
4414,最靓仔的猪,1
4413,确实性感,1
4412,嗓子咋了,1
4411,来自普罗维登的胡桃猪,1
4408,好家伙，这人数打麻将还多一个端茶送水的,1
4468,啊！,1
4469,艹，什么古神vcr,1
4470,非常认真2333333333,1
4521,胡桃：我是要成为冠军的人，女人什么的很碍事,1
4529,da ma re！,1
4527,破 口 大 骂,1
4526,女人只会影响我射击的速度！！,1
4525,心中无女人，游戏自然神,1
4524,这是在秀后宫？,1
4523,老声呐了,1
4522,《damare》,1
4520,本来觉得好烦，现在觉得还挺可爱,1
4511,钢铁直男,1
4519,ne,1
4518,玩游戏非常帅,1
4517,等等！,1
4516,心中无女人，打架自然灵,1
4515,女人什么的很碍事！,1
4514,《等等》,1
4513,《非常帅》,1
4530,直男胡桃,1
4531,多么优美的中国话,1
4532,大招留着祖传,1
4534,哈哈哈哈哈哈哈哈哈哈或或,1
4553,震撼直播间,1
4552,好想笑,1
4549,死一样寂静,1
4547,优美的c语言,1
4546,艹生了出来,1
4545,感觉和小希会很像,1
4544,认真，很帅,1
4543,ya me ro！,1
4542,好清静啊,1
4541,愣住了,1
4539,What's,1
4538,沉默是金,1
4537,C语言,1
4536,攻略第一页，忘掉心上人,1
4535,太生草了,1
4512,女人什么的很碍事，我要做世界的第一位,1
4510,女人哪里有游戏重要.jpg,1
4471,奇怪的回声wwww,1
4480,《你沉迷游戏的男友》,1
4487,小希关一下麦,1
4486,阿,1
4485,女人，妨碍到我打游戏了,1
4484,echo,1
4483,受到震慑,1
4482,apex？,1
4481,还有回音,1
4479,全损音质,1
4509,麻烦,1
4478,突然回声？,1
4477,这就是你分手的借口,1
4476,频道不一样吧,1
4475,魔鬼般的回音,1
4474,怎么有回音,1
4473,什么情况，你们谁的耳机回音,1
4472,好认真,1
4488,《楼上还有一个》,1
4489,这是肥音你懂么,1
4490,女人真是麻烦（）,1
4492,很难分辨,1
4508,女人你吵到我打游戏了.jpg,1
4507,真实的男朋友和女朋友,1
4506,一号直男,1
4505,女人真麻烦,1
4503,女人只会影响我开枪的速度,1
4502,女人好麻烦,1
4501,《别打扰我打游戏啊》,1
4500,女人就是麻烦。,1
4499,这就是变成前女友的原因,1
4498,女人就是麻烦（,1
4497,《别烦》,1
4496,烦了烦了,1
4495,女人就是麻烦（）,1
4494,自带回音的女人,1
4493,这是直男,1
2940,龟龟就是海王,1
2703,还可以这样？,1
2938,海龟之王,1
1030,未婚先孕啊,1
1038,33岁的是吧,1
1037,38岁离婚带俩娃,1
1036,单亲妈妈,1
1035,你就是吉良吉影？,1
1034,一般上班族,1
1032,艾露露哭了？,1
1031,全麻,1
1029,宝宝哭,1
1018,人类高质量女性,1
1028,上有老下有小是吧,1
1027,又好又坏,1
1025,人类高质量女性求偶视频,1
1024,24岁 学生,1
1022,？卡了？,1
1021,高质量女性？,1
1020,复读姬是吧,1
1039,口技人,1
1040,买一送一,1
1041,宝宝哭是吧,1
1042,人妻是吧？汝妻吾养之,1
1057,这里还有当姥姥的,1
1056,38岁离异带两娃,1
1055,爱露露？,1
1054,《各位》,1
1053,离异带俩娃,1
1052,人妻好耶,1
1051,带孩子相亲可太牛了,1
1050,这咋就宝宝哭了,1
1049,类目,1
1048,宝宝哭？,1
1047,666666,1
1046,38岁离异带孩子？,1
1045,卧槽,1
1044,我还以为是早人来着,1
1043,有孩子算了,1
1019,吉良吉影33岁是把？,1
1017,ao,1
781,你没吃饭吗,1
986,moliojo,1
993,嘟嘟！,1
992,来自杜王町,1
991,博爱神教一统天下。你我都是博爱之人。,1
990,这位嘉宾是不是喜欢手手,1
989,吉良吉影为你点赞,1
988,bgm声音太大了,1
987,你有梦想吗,1
985,我以为我手机响了,1
1016,怎么还卡顿呢,1
983,《男嘉宾》,1
982,Σ(￣ロ￣lll),1
981,想要过平静生活的杜松子,1
980,爆灯,1
979,是不是bgm有点大,1
978,突然麻了,1
977,音乐声音大了,1
995,你没有胸脯,1
996,吉良吉影好评,1
997,瓦塔西农那马诶哇杜松子,1
998,败犬松松,1
1015,松松好紧张,1
1014,这是在打嗝吗,1
1013,好活，就是又好又尬,1
1011,这个灯被杀手皇后摸过了,1
1010,人类高质量,1
1009,挺起什么,1
1008,别紧张哈哈哈,1
1007,同行草,1
1006,全自动工业型败犬哈哈哈,1
1005,做女人 挺好,1
1003,松松好耶,1
1002,艾露露在隔壁唱pv……,1
1001,全自动工业型败犬,1
1000,下划线什么鬼？！,1
999,来宾哪位不海啊,1
1059,男球还是女球,1
1060,找接盘侠是吧,1
1061,我就是她的孩子（狗头）,1
1117,牛逼,1
1124,1111,1
1123,松子强欸,1
1122,小桃在闪，一定是在偷吃零食,1
1121,你不会是fa玲吧,1
1120,在场有三个声优,1
1119,只能说一模一样,1
1118,111111111,1
1116,我超通天代,1
1062,太刺激了,1
1115,11111111111111111,1
1114,1111111111,1
1113,福根在自闭,1
1112,牛啊,1
1111,有点厉害,1
1110,强的啊,1
1109,花铃还是不好模仿,1
1125,每晚都有新感觉是吧,1
1126,什么东西掉下去了,1
1127,原声是吧,1
1128,挖槽,1
1144,3个，还有1个是谁 啊。,1
1143,小桃又在找东西吃,1
1142,发生什么事了？,1
1141,谁在滚键盘,1
1140,花花是不是掉线了,1
1138,主播饭盒收好了,1
1137,我超，图书馆理员,1
1136,小桃偷吃零食,1
1135,朱丽叶,1
1134,花铃都能模仿到这地步厉害了,1
1133,桃桃没闭麦？,1
1132,什么声音？？,1
1131,桃桃干嘛呢哈哈,1
1130,啥动静！！？,1
1129,？什么声音,1
1107,可以啊,1
1105,放原声是吧,1
1104,还不错哎,1
1079,未亡人,1
1077,有那味了,1
1076,进一段VCR,1
1075,一人代表全家,1
1074,带孩子上节目，真有你的,1
1073,艾老师都呆滞了,1
1072,直球,1
1071,喜欢你孩子怎么办？,1
1070,好活就是有点怪,1
1069,带孩子相亲太牛了,1
1068,我有一个猜想，这是真的，不是配音,1
1067,素材复用是吧,1
1066,VCR,1
1065,好有爱心,1
1064,人妻狂喜,1
1063,孩子也是嘉宾吗,1
1078,买1送2，太值得了,1
1080,竟然还没灭,1
1103,职业选手,1
1081,stmVCR,1
1102,可以呀,1
1100,3333,1
1097,11111111111111111111,1
1096,艾老师怎么不插嘴啊,1
1094,11111111111111,1
1092,主持人兼嘉宾你这不太行啊,1
1090,小希你就是想独吞,1
1089,艾老师你说话啊,1
1088,2,1
1087,灭灯了（,1
1086,33333333333333333333,1
1085,桃老师是嘉宾了啊？不是主吃人了,1
1084,泪目单亲妈妈不容易,1
1083,可以随时灭灯哈哈哈哈哈,1
1082,暗示,1
976,你的梦想是什么,1
975,草，同接恰满了,1
974,我叫吉良吉影,1
840,（男）嘉宾,1
847,《高智能ai》,1
846,清楚明白,1
845,虚研社大聪明,1
844,懂的都懂,1
843,很熟悉的（,1
842,不会,1
841,内部消化吧,1
839,希爹是我爹！我是希爹儿！,1
870,不嘟！！！！,1
838,？？？玩尬的是吧！不愧是沙雕希,1
837,不对劲哦,1
836,哪样我不懂,1
835,别给花花吓到了,1
834,口技灭灯法,1
833,高级音效哦,1
832,不知道谁嘟咋办,1
848,小希智商,1
849,大聪明小希,1
850,男嘉宾是谁,1
851,人与AI的智商不能一概而论,1
868,嘟嘟贴贴,1
866,叭儿～,1
865,嘟↑嘟↑,1
864,鹿哥是吧,1
863,嘟嘟！！！！！！,1
862,花花：哼，愚蠢的人类,1
861,《大聪明》,1
860,高智能农用机,1
859,该给小希升级处理器了,1
857,智商天花板,1
856,这下大聪明了,1
855,笨笨希酱,1
854,农用cpu是这样的,1
853,dddd,1
852,没有光头没那味,1
831,草 ,1
830,嘟,1
829,男嘉宾可以不来了，我就喜欢看百合,1
807,叫希爹,1
804,好攻！,1
803,(ﾟωﾟ),1
801,小希我爱你！,1
800,这怎么还杀出个小完能,1
799,我也,1
798,很有精神，下一个,1
796,福根说的好,1
795,小溪我爱你,1
792,开始了这就,1
791,福根哈哈哈哈,1
790,小希我爱你,1
789,好了 好了,1
787,给爱露露一拳,1
784,希爹敢不选桃桃吗？,1
783,好耶~~~~,1
805,露露，很有精神。,1
808,哎呀~害羞,1
827,可惜不是你~陪我到最后,1
809,小桃我爱你,1
826,草（一个角色）,1
825,嘟嘟嘟～,1
824,嘟嘟嘟嘟嘟,1
823,小希 俺爱你,1
822,声控灯,1
821,人类高质量AI,1
820,我灭灯,1
819,不，男嘉宾有更好的,1
818,一开始就牵手成功了,1
817,男嘉宾不用出场了，女嘉宾可以自我消化了,1
816,二狗真会玩,1
814,主客场,1
813,极其敷衍,1
812,听不见，这么小声还想要男嘉宾？,1
810,恭喜女嘉宾1号和女嘉宾3号牵手成功,1
869,强行希化,1
871,嘟嘟嘟嘟~,1
973,草这音乐,1
935,吹牛逼类,1
944,这BGM好评,1
941,草生,1
940,博爱神教,1
939,欢迎松松,1
938,松松,1
937,那男嘉宾可以多选吗？,1
936,这策划铁定是海王小希了,1
934,\松松/\松松/\松松/\松松/\松松/,1
872,爸！,1
933,什么海王现场,1
932,KFC的三人套餐就是给你出的是吧,1
930,这笑声就有问题好吧（）,1
929,吹牛逼嘞,1
927,这是什么海王节目？,1
926,什么诚哥行为,1
925,道出真理,1
947,有内味了,1
949,上VCR,1
950,怕了,1
951,声音太小了,1
971,松子声音小了,1
970,普通的上班族,1
969,背景音乐大了点,1
968,我要了！,1
966,bgm有点大,1
964,BGM有点大,1
963,杀人电视台,1
962,嘉宾声音有点小啊,1
961,bgm好大,1
957,杜王町杀人电台,1
956,突然杜王町,1
955,留了一手,1
954,这是要哪个女嘉宾的手啊？,1
953,DNA动了！,1
952,杜王町光波,1
923, 可以,1
922,海王节目,1
920,什么白学,1
890,花花知道了虚研社的风格了,1
888,小心嘴皮子变厚,1
887,大家好我是xx，嘟嘟嘟嘟嘟嘟嘟嘟,1
886,MA酱来啦？！！！,1
884,《同事罢了》,1
883,你俩什么时候领证啊,1
882,没事儿，普通同事,1
881,ban～ban～ban,1
880,爸,1
879,突然尬起来了,1
878,谁家拖拉机开了？,1
877,花花害怕不敢说话了,1
876,好家伙你俩能不能直接牵手成功啊,1
875,小希小火车,1
874,麦克风裂开,1
873,把er,1
889,领证,1
891,妈妈而已，蒸不熟,1
919,当海王是吧,1
892,噢噢噢哦哦,1
918,一边牵一个,1
917,海王大赛,1
915,。。,1
914,花心大希瓜,1
913,什么银趴,1
912,博爱,1
910,woc渣啊,1
909,一妻多夫？,1
907,七夕三人套餐？,1
906,重新出生是吧,1
904,当场牛头人,1
902,还能这样？？？？？？？？、,1
900,啧,1
899,脑公而已，真不熟,1
898,什么海王,1
1145,有人是声优，不说是谁。,1
1146,啥声啊,1
1148,孩子弄的,1
1383,福根福瑞控是吧,1
1390,福瑞福瑞控,1
1389,我超，我不好说,1
1388,私生猫,1
1387,Furry控能处!,1
1386,哪来的曹操,1
1385,曹老板给你点个赞,1
1384,订个娃娃亲,1
1382,喜欢白hu,1
1414,好耶、,1
1381,曹贼,1
1380,破案了是狗宝（,1
1379,认亲现场？,1
1378,(￣3￣),1
1377,？？？？？？什么人妻控,1
1376,貼貼,1
1375,福根私生子,1
1392,那是她养的猫姐姐我超,1
1393,福根福瑞控加牛头人是吧,1
1394,花花全麻,1
1395,那是一年春天,1
1411,只有266能选了,1
1409,我喜欢小希,1
1408,希爹 牛,1
1407,声优对决,1
1406,三级了,1
1405,迪奥娜特调吗,1
1404,qs,1
1403,假酒！！！！！！！！！,1
1402,录播组这段录播请加黑橙片头,1
1401,汝于曹贼何异,1
1400,好像也是,1
1399,小心,1
1398,哇撒，今天这么多女人,1
1397,小 心 福 瑞 控,1
1396,后妈不喜欢,1
1374,？？？？福瑞控是吧,1
1373,滴滴是吧,1
1372,人妻控？哪来的曹贼,1
1348,dd,1
1346,furry,1
1345,是橘黄色的吗,1
1344,水猴子,1
1343,孩子叫hasky,1
1342,福瑞 ,1
1341,要吃小孩辣，快跑,1
1340,大尾巴？？？？,1
1339,福根灵魂发问,1
1338,酒厂是吧,1
1337,威士忌刚才拉床上了,1
1336,？？？女嘉宾，请把女装换掉,1
1335,她的猫,1
1334,怪？,1
1333,看小孩够不够吃是吧,1
1330,福根角度刁钻啊,1
1347,说的好像是福根,1
1349,福根？,1
1371,猫耳朵？小桃吗？,1
1350,谁猴子,1
1370,曹露露,1
1369,真可爱呢 真想给她一拳,1
1368,露露笑死,1
1367,好家伙，松鼠生了一只猫出来。,1
1365,福瑞控,1
1363,这福根儿不对劲,1
1361,就好这口儿是吧,1
1360,草福瑞是吧,1
1359,艾露露是吧,1
1358,曹贼！！纳命来！！！,1
1357,什么曹贼？,1
1356,艾露露？？？？？？？？？？？？,1
1355,福根，艹,1
1353,威士忌你又拉床上了,1
1352,专业声优评专业声优是吧？,1
1412,露露暴露本性了,1
1417,草，福根你有毒,1
1327,桃老师问什么一直是亮的,1
1480,海绵宝宝,1
1493,六小龄童,1
1492,唐僧,1
1490,英梨梨,1
1489,夏侯屯,1
1488,艾福根儿！！！！,1
1485,屯？,1
1483,张楚岚,1
1479,V,1
1418,我大受震撼,1
1478,葫芦娃,1
1476,古尔丹 hhhhhhhhhhhhhhhhhhh,1
1475,Dio,1
1474,康娜！,1
1473,土豆地雷,1
1472,诸葛亮,1
1471,jojo,1
1494,李清照,1
1495,张飞张飞,1
1496,疯狂伊文,1
1498,蒙多！,1
1520,德纲！于谦！,1
1519,我来,1
1518,巴德！,1
1516,马克,1
1515,夏禾,1
1514,张飞：欧尼酱daisiki23333,1
1512,周杰伦,1
1511,改张飞吧,1
1510,呕泥酱，daisuki！,1
1509,郭德纲哈哈哈哈哈哈,1
1507,都是啥观众啊,1
1506,少司命,1
1502,郭德纲哈哈哈哈哈哈哈,1
1501,李白,1
1499,于谦,1
1470,巴德的声音,1
1468,请务必安排海绵宝宝,1
1467,崩坏 丽塔,1
1440,大的要来了,1
1438,看 蛋蛋会动,1
1436,阿巴阿巴阿巴阿巴,1
1435,妈妈 你看我的蛋蛋会动,1
1434,抖什么,1
1433,没带耳机的我声音忽大忽小的,1
1432,妈妈你看我蛋蛋会动,1
1431,小心福根,1
1430,有精分好诶,1
1429,现场编程好活,1
1428,俩女的站台上，库叉，生个娃，这叫才艺！,1
1427,太怪了草,1
1425,来波大的,1
1421,ε=ε=(ノ≧∇≦)ノ,1
1420,福根，不愧是你,1
1419,生物学家,1
1439,人类疑惑行为,1
1442,你可以表演一下那个吗,1
1464,春日野穹,1
1443,太怪了，,1
1462,当场生孩子,1
1461,迪奥！,1
1458,别紧张,1
1457,夏侯惇,1
1456,对哦，蛋蛋会动,1
1455,看观众期待的目光,1
1454,我知道，是抖露，因为爱抖露（,1
1453,抖什么？,1
1452,阿巴巴巴,1
1450,他急了,1
1449,(☆_☆),1
1448,蛋蛋会动,1
1447,紧张了,1
1445,所以小完能是前夫？这波是复婚,1
1444,抖不起来,1
1329,女子,1
1326,吃小孩是吧,1
1149,有人偷吃零食！,1
1206,桃桃 啊~,1
1213,桃老师吃东西闭个麦,1
1212,现在放的是哪一位哦。,1
1211,桃老师吃疯了,1
1210,大家也想吃桃吗,1
1209,请嘉宾不要拿原声忽悠观众（doge,1
1208,小桃给我吃一口，我饿了,1
1207,主吃人别吃了,1
1205,桃桃又在吃东西,1
1238,好~,1
1204,草，桃桃该闭麦了,1
1202,烙里，料你，怒你哭你,1
1201,taotao别吃了,1
1200,桃老师在偷吃小红果！！！！！！！！！！！,1
1198,别拿正版忽悠我,1
1197,桃桃吃啥呢感觉很好吃,1
1195,桃桃 别吃出声,1
1214,来自希爹の认可,1
1215,怎么看出桃桃在吃东西的啊,1
1216,原！,1
1217,吃，让桃桃吃！,1
1235,强强强,1
1232,好强啊,1
1231,太离谱,1
1230,很强啊,1
1229,嘎吱嘎吱嘎吱嘎吱,1
1227,一个人拿7份工资是吧,1
1226,杜松子强欸,1
1225,原来《元神》只有一位CV……,1
1224,面无表情,1
1223,杜松子,1
1222,不愧是孩子爹妈。这频率一定是老柔光灯了。,1
1221,一直在闪哈哈哈,1
1220,希爹的认可,1
1219,小桃这一直闪可太生草了,1
1218,小希别吃了,1
1194,有偷吃哦！,1
1193,还没开始吗？,1
1192,只有桃在一直闪哈哈,1
1170,？？这,1
1168,桃桃闭麦呀,1
1166,强欸强欸,1
1165,tql,1
1164,桃桃盘子碎了？,1
1163,好强好强,1
1162,大姐头罩我,1
1161,除了露露，花花是嘛？,1
1160,露露！,1
1158,- -,1
1156,真的很像,1
1154,桃桃不也是声优么,1
1153,有人偷吃但我不说是谁,1
1152,北斗一模一样啊,1
1151,？？？这是馋的手足无措了吧,1
1150,小桃别吃了别吃了,1
1169,闪烁桃桃,1
1171,桃啊！！！！别吃啦！！！！,1
1191,原声大碟,1
1172,桃桃一闪一闪的，主吃人（,1
1190,桃老师疯狂偷吃,1
1189,小桃又在偷吃,1
1188,小桃能给我吃一口吗？,1
1187,小桃在悄悄的吃东西,1
1186,桃桃慢点吃,1
1184,桃桃吃好点,1
1181,桃桃别吃啦,1
1180,桃老师又在吃？,1
1179,桃桃别吃了，都听到了,1
1178,桃老师你爆灯了,1
1177,桃老师又在开小灶了,1
1176,桃老师频闪了,1
1175,小n下岗,1
1174,(๑‾᷅㉨‾᷅๑),1
1173,桃老师我也想要啊,1
1237,艾老师声音好小,1
1239,花花在哪里？,1
1325,提一嘴，希爹中之人大名估计都知道,1
1297,好家伙，哪来的李逵,1
1304,ahhhh,1
1303,艹，哈哈哈哈哈哈哈,1
1302,差点绷不住,1
1301,傲娇jk,1
1300,希爹不愧是我希爹,1
1299,中之人暴露了,1
1298,真是希爹啊,1
1295,噗 哈哈哈哈哈哈,1
1240,福根终于说话了,1
1294,哈哈哈，草,1
1293,傲娇女高中生,1
1292,COA,1
1290,问大家一个问题现场有几个声优,1
1288,懂了小希是大叔,1
1287,女嘉宾操盘了,1
1286,花花人呢,1
1305,在希爷面前整这套可能会挨打,1
1306,这不是系列 是黑旋风李逵,1
1307,？？？b,1
1308,两个都是声优哈哈,1
1324,希爹化身二师兄,1
1323,专业对口,1
1322,男女嘉宾互换吗,1
1321,希爹专业点评,1
1320,哈哈哈哈哈。,1
1319,请问这是在找工作吗？,1
1318,蚌埠住了是吧,1
1317,笑死，希爹去当男嘉宾吧,1
1316,带私货是吧,1
1314,导演上身了,1
1313,这个叔叔的配音属实把松松完爆了,1
1312,谁？哪来的李逵,1
1311,debu音,1
1310,中门对狙,1
1309,到底谁是男嘉宾？,1
1285,甲方是吧,1
1284,举报夹带私货,1
1283,这是什么玩意儿啊？,1
1261,专业啊大叔控,1
1258,甲方行为,1
1257,？？？？？？？？？？？？？？？？？？？？？？？？？？？？？,1
1256,什么buff？,1
1255,太 难 了,1
1254,小希你,1
1253,什么小柔,1
1252,你慢点,1
1249,柔宝：？？？,1
1248,？？？？？？？？？？？？？？？？？？？？？？？？？？？？？？,1
1246,好厉害,1
1245,人类高质量声优,1
1244,希爹内心:同行同行,1
1243,好啊,1
1242,艾露露？？,1
1241,咕咕,1
1259,？？？柔宝？？？,1
1262,捏人设希爹是永远的神,1
1282,所以希爹就是大叔吗？,1
1263,笑死我了哈哈哈哈,1
1281,导播把小希的麦闭了吧,1
1280,柔宝,1
1279,你确定你还能重复说一遍吗,1
1278,图穷匕见,1
1277,这是什么玩意儿啊,1
1276,牛逼呀！,1
1274,小桃举起了斧头,1
1273,小希请你从专业的角度来点评可以吗,1
1272,懂了希爹是大叔,1
1270,经典甲方,1
1269,你就是那个大叔,1
1268,傲娇吗？,1
1267,二老师太可爱了,1
1266,老叔叔了,1
1265,小柔！？？？？,1
782,好多了,1
780,孤寡孤寡孤寡孤寡,1
2937,经纪人全责，导播坏事做尽,1
287,吃吃吃,1
295,hahaahha,1
294,阿这，那Cc怎么天天惦记着那点东西啊。。,1
293,全直播间都知道他偷偷吃了,1
292,这谁,1
291,来了来了啊,1
290,不亏是相声专业的,1
289,我也预了，但是没给我推啊,1
286,预约直播还能看见舰长大吃大喝，赚翻了,1
276,\桃桃/\桃桃/\桃桃/\桃桃/\桃桃/\桃桃/,1
285,真好听诶,1
284,好听捏,1
283,真的虚拟德云社了,1
282,桃桃 桃桃,1
280,这么早就开始？,1
279,厉害了,1
278,偷偷吃口屎哈哈哈,1
296,这是哪个倒霉蛋哈哈哈,1
297,四更呢？,1
299,贴贴~,1
300,舰长都有这种爱好吗,1
316,\桃桃∧桃桃∧桃桃/,1
315,没错是的,1
314,七夕节想吃桃子(//∇//),1
313,细说四更,1
312,嘿嘿嘿,1
311,嗯，怎么说呢，第一次看直播,1
310,左边是舰长大吃大喝上电视了哈哈哈,1
309,细说四更天,1
308,就只有她,1
307,第一次来，这里是二次元德云社吗,1
306,这是挂墙了,1
305,可别都，就她一个,1
303,我不是我没有,1
302,左边是？？？？,1
301,四更不让唱,1
277,不是1937年吗,1
275,哎，预约就是好,1
779,mcsulai ,1
233,希桃七夕快乐，我看着吃狗粮就行,1
240,过完七夕就是中元节,1
239,桃桃不是内定小希了吗？,1
238,没事，桃老师先给我讲一下塞前看点,1
237,到时候就让小桃艳压群芳,1
236,高情商：当海王就完事了,1
235,收到收到,1
234,小心田汐汐,1
232,大型青青草原,1
272,啵,1
231,小桃果然是假正经,1
230,修罗场，坐吃瓜（,1
229,我永远喜欢桃桃,1
228,刚来的看桃左上角那个弹幕截图,1
227,美少女桃桃,1
226,没关系，现在可以预热一下,1
225,嘿嘿嘿嘿嘿,1
241,你选不了小希，那就让小希选你,1
242,七希快乐,1
243,没事，小希会成为你的竞争对手的,1
244,你们都是我的翅膀（）,1
271,来对时候了,1
270,久违的探清水河,1
267,就好这口,1
266,探清水河,1
265,来早赚大了鸭,1
264,你是德云社的吗？,1
262,说好七点呢？搞偷袭是吧？,1
261,小桃七夕快乐,1
260,喜欢这个！,1
253,爷青回,1
249,预热,1
248,经典老曲,1
247,拿手,1
246,来了，来了,1
245,《赛前看点》,1
318,日思夜想的纯姐姐（,1
319,这个截图，开幕雷击,1
320,四更呢？？,1
381,桃桃被屎钓出来了,1
392,神回啊,1
390,光速下播,1
389,小桃属于是蚌埠住了,1
387,音容宛在,1
385,=-=,1
383,你来晚了，神回，不录,1
382,我超别,1
378,对三,1
321,我只是个非酋舰长,1
377,桃桃带我走吧,1
376,偷偷吃口,1
375,我澄清下舰长不是这样,1
373,下播了下播了,1
372,原来如此，那可得谢谢Cc了,1
370,才八点,1
369,处刑,1
393,赛前节目结束了,1
394,几点开始？,1
395,大家晚安,1
396,一会儿=三分钟？,1
414,这位xd很自觉还上了舰,1
413,确实，舰长不是都这样,1
412,别走好吗,1
411,精彩马上回来,1
410,桃桃——,1
409,7点开始推流吧,1
408,下播了下播了，散了散了（别真走）,1
406,我澄清一下，舰长不都是这样的,1
405,又一次光速下播,1
404,话说不是7点开始直播吗？干嘛关直播间啊,1
402,下播了，大家散了吧,1
401,结束了（,1
400,开胃菜,1
398,桃，你带我走吧,1
397,一来就没人了？,1
367,《赛前预热的节目》,1
366,拜拜！,1
363,不得了,1
340,你们可能不能体会俩男的在KTV唱这首歌。,1
338,好听~,1
336,＼桃桃／＼桃桃／,1
335,\桃桃/\桃桃/\桃桃/\桃桃/\桃桃/\桃桃/\桃桃/,1
334,这歌有四更的,1
333,老铁看看左上角,1
332,这歌就没四更啊,1
331,·,1
330,..,1
329,桃桃用小皮鞭抽我,1
328,四更因为舰长偷吃奥里给不让唱了,1
327,偷工减料哈哈哈哈,1
326,欢迎加入非酋大航海,1
325,偷工减料的桃桃,1
324,又没4,1
323,四更说的是男女房事,1
339,我一进来就开幕雷击,1
341,今天是相声专场吗,1
361,这段有录播吗 doge,1
342,所以四更天该上哪找,1
359,下播了下播了，散了散了,1
358,一九三七年啊～～,1
357,谢谢你，大兄弟,1
356,、捕捉到一个,1
355,七夕听这个真爽,1
354,别切啊,1
353,好耶，合唱了,1
352,88888888888888888,1
351,拜拜～,1
349,滴,1
347,刚来就发现公开处刑可还行（￣▽￣）,1
346,小桃，我现在已经是监控室老大爷了,1
345,88888888888888,1
344,太好听了,1
343,真就是虚拟德云社啊,1
223,不错啊,1
222,今晚用流量看了,1
221,美少女，美少女,1
78,呀这是谁啊,1
90,你怎么这么开心啊,1
89,lei了,1
88,我拿上豪桃桃,1
87,有啥好笑的，分享分享,1
83,晚上好～,1
82,晚上好桃桃！,1
80,听见了,1
77,桃桃好,1
125,怎么还公开处刑,1
76,耶，桃桃～,1
75,舰长都笑什么,1
74,我听见了,1
72,yes we can 19年的同人曲,1
70,这是什么歌,1
69,大家互不干扰,1
68,好好好好好好,1
91,小桃？,1
92,小希呢？又搬砖去了？,1
96,谁在笑？,1
98,这哥们太狠了,1
121,挂城墙,1
120,公开处刑|･ω･｀),1
118,希希呢？,1
117,太喜欢这鹅声了,1
116,你测试你们的，我们玩我们的(｀・ω・´),1
114,公开处刑了,1
113,桃拉机模式,1
112,兄弟不至于,1
109,(⊙o⊙)啥？,1
108,唉开了,1
107,啊这 =。=,1
105,看到了,1
103,上任鹅城,1
102,打鸣了属于是,1
101,鹅鹅鹅鹅鹅鹅鹅,1
64,偷偷摸摸小希头,1
63,喵喵喵,1
59,小希，开门,1
29,执行：弹幕测试,1
25,少女测试中,1
24,这个是不是小霸王啊开机速度这么慢,1
22,出来露个脸才好测试,1
21,测试也要在,1
20,为了不被背刺，下了血本了,1
19,现在是小希、小桃还是杨宝、疯狂老师（,1
18,属于天际！抓根宝！,1
17,测试也爱看,1
14,小拉不算拉,1
13,、、、、,1
10,在测试什么,1
9,直播19:00开始，现在是测试时间,1
7,提早半小时？？？,1
3,为了不虚研社传统，提前这么多,1
2,七,1
28,欢迎来到虚研村非诚勿扰,1
31,开门啊开门啊,1
58,只要开播足够早，就不用担心obs背刺（迫真）,1
32,观众待机中,1
56,给希爹一拳,1
55,来了，来了，老婆们,1
54,ass ♂we can,1
52,你有本事点推流，你有本事开门呀！ಡωಡ,1
50,各位七夕晚上还看直播的，一定在看直播吧,1
49,直播19:00开始，现在是测试时间啦,1
48,哼哼哼啊啊啊啊啊啊啊啊啊啊啊啊啊啊啊,1
46,话说这图标真的没问题吗,1
45,a♂ss we can,1
44,好的测试完毕牌子没带错,1
41,这么早推流啊,1
40,测试,1
39,兄弟们分手快乐,1
36,开门 开门,1
34,滴，修罗场预订,1
123,不至于不至于,1
126,gua在公屏上,1
219,有桃桃,1
185,我刚来咋回事？,1
192,现在是调戏桃桃环节吗,1
191,测试、,1
190,偷偷吃口屎？开幕雷击,1
189,吃了吗,1
188,test test,1
187,非诚勿扰回,1
186,想看音乐节的，难道说今晚双开吗？,1
184,测试测试,1
127,被挂了，xswl,1
182,晚上好小桃,1
181,想吃就吃，别不好意思,1
179,被处刑还上舰了,1
177,太怪了，骗吃骗喝,1
176,偷吃被投屏在村口大屏幕了(ಡωಡ),1
175,我付钱了！我可以看付费内容！,1
174,你测试你们的，我们测试我们的,1
193,。。。。,1
195,偷偷吃口屎是什么鬼,1
196,单身狗无所畏惧,1
197,现在没有去看电影，一个人在家一定很孤单吧,1
217,七夕之后面一个礼拜就是鬼节→_→,1
216,边吃桃边看桃,1
215,这破节日有啥快乐的,1
214,祝小桃和小希七夕快乐诶嘿嘿,1
212,啊哈哈啊哈哈,1
209,老婆跟我进屋,1
208,草，离谱,1
207,我知道了,1
206,笑死我,1
205,节日快乐的大概不来了,1
203,在座的各位都不过节,1
202,同乐,1
201,哈哈哈哈哈哈哈哈哈，快乐啥,1
200,好家伙，来骗吃骗喝了,1
198,快乐不起来,1
173,老板忍不住了哈哈,1
172,好家伙老板大气,1
171,好甜，我好了,1
145,你测试你们的，我们测试我们的弹幕。（滑稽）,1
143,我们不可以听吗？,1
142,有糖吗？,1
141,节目效果拉满,1
140,什么节目效果,1
139,小桃没绷住还行,1
138,粉丝-1,1
137,这兄弟上电视了,1
136,《节目效果》,1
135,偷吃被发现了,1
134,我也偷偷吃口桃桃,1
133,？？？？、、、、,1
131,兄弟记得拍个视频,1
130,处刑了属于是,1
129,歪,1
128,狠还是你狠,1
144,ass we can♂,1
148,笑死了,1
170,？？？这是什么逆天弹幕被公开处刑,1
150,发生肾么事了,1
168,切片退出直播间,1
166,把我们当外人呗（狗头）,1
165,有点麻，看来屎里有毒,1
164,桃桃晚上好,1
163,私。。。私房话,1
162,《私房话》,1
161,咋还拿我当外人？,1
160,这弹幕谁啊,1
159,细说私房,1
158,奥利给,1
156,你们也要吃吗,1
155,拖（桃）拉机又开始了是吧,1
154,弹幕测试（,1
153,弹幕测试,1
151,不把我们当自己人啊,1
415,舰长只是非酋,1
416,晚安还行,1
417,你们来晚了 神回 不留档 无切片,1
657,好小声,1
665,桃桃声音好小,1
664,小了,1
662,桃麦坏了,1
661,小桃声音好小,1
660,小桃声音小了,1
659,小桃这声音,1
658,声音好小哦,1
656,桃老师声音小啊,1
692,这么点声音还想找对象（）,1
652,桃桃怎么一闪一闪的？,1
651,我直接小桃爆灯！,1
650,lu获,1
649,桃桃声音好小啊,1
648,小桃是接收不良吗，一闪一闪的,1
647,这有这样，那样那样,1
646,俘获,1
666,根本听不见,1
668,我不要选手，我要裁判,1
672,寄,1
673,桃声音小,1
689,调大点,1
688,这是又到了白色相簿的季节了？,1
687,这么小声还想相亲!,1
686,这么小声还想去相亲？,1
685,桃桃声音小,1
684,她是在隔壁吗,1
683,大点,1
682,桃桃  声音好小,1
681,小小小小桃,1
680,小桃，小桃，声音小小的,1
679,桃老师声音太小,1
678,直接爆灯了,1
677,小桃咋隔了一条街,1
675,桃桃声音太小了,1
674,涛涛没声音啊,1
645,掳获,1
644,哇哦,1
643,卤货,1
623,小桃像个灯泡在闪,1
621,来喽来喽,1
620,男嘉宾,1
619,斧理成勿扰,1
618,晚上好·,1
617,沙雕希晚上好,1
615,弹幕有延迟,1
613,吹niubi嘞～～～,1
612,老婆们晚上好,1
611,晚上好呀,1
610,修罗会场,1
609,来了来了！！！,1
608,嗨嗨嗨,1
604,一孕傻三年，小希的声音一次之后都傻傻的,1
603,才发现 性别都不同.....,1
602,6分钟过去了,1
622,我直接进行一个灯的灭,1
624,神秘的（,1
642,你这灯泡短路了。,1
625,【神秘的】,1
641,小桃想打小希了,1
640,小希晚上好,1
639,纳尼？,1
638,《  神 秘 》,1
637,神秘的嘉宾,1
636,桃桃试图讲话,1
635,提前爆灯了是吧（,1
634,桃老师：嗯？,1
633,爆灯爆灯,1
631,情侣是吧,1
630,小桃是连接失败吗,1
629,哇哦，好神秘,1
628,欢迎男嘉宾,1
627,桃桃开始闪了（,1
626,MC？那女嘉宾不就少一个？,1
691,桃桃声卡接触不良wwww,1
693,先挑选一位心动女生,1
600,开门啦,1
743,“男嘉宾”,1
753,小希推销自己呢,1
750,男嘉宾不好说，命中注定的女嘉宾或许有,1
748,小希有主场加成,1
747,小希只有你吼辣么大声,1
746,今天就上手了,1
745,声音怎么小还想要男嘉宾,1
744,嗨呀，是我吗,1
742,花花的挺大的,1
694,希爹狂怒！,1
741,、,1
740,花花花花花花,1
739,花花昨天就在看恋爱节目哈哈,1
738,小柔馆？,1
737,音量开到最大其实还好,1
736,花花ヾ(✿ﾟ▽ﾟ)ノ,1
735,除了小希声音都有点小,1
755,小桃随时捧哏,1
756,一场比赛下来，主持人没了,1
757,主场优势,1
758,吼辣么大声干嘛,1
777,女嘉宾能让我摸摸散热器吗～(￣▽￣～)~,1
775,不知道啊（装傻充愣,1
773,左上角都有,1
772,这样这样？,1
771,dokidoki秋咪秋咪,1
770,小尬,1
769,你搁这搁这呢（,1
768,希爷就算了 ==,1
767,裁判亲自下场是吧？还还能玩？,1
765,摸鱼,1
763,小希敢选除了桃老师以外的人吗,1
762,都是dd,1
761,花花芜湖,1
760,小桃和露露的声音小了,1
759,《我奔放》,1
734,花花今天刀谁,1
733,除了小希声音都小,1
732,小希：黑手,1
711,一个个没吃饭吗？大声点,1
709,声微，饭否？,1
708,现场橘味开始弥漫了,1
707,声音怎么都这么小,1
706,好家伙原来是小希的问题,1
705,露露也小,1
704,哦吼吼吼吼,1
703,吼吼吼吼,1
702,露露声音也小,1
701,艾露露声音也小,1
700,听不见，根本听不见,1
699,00,1
698,小桃声音太小了,1
697,露露你带我走吧露露你带我走吧,1
696,听不见，这么小声还想当ai？我说听不见,1
695,我超声音小啊,1
710,嘉宾声音好小啊MC,1
712,大家声音都小,1
731,怎么都不会动？,1
713,福根也没声音啊！,1
730,花花声音大了,1
729,这么小声也想谈恋爱（）,1
728,艾露露为什么不是另外四位之一,1
727,除了希希都好小声,1
726,#小希打压嘉宾,1
725,这是主客场区别,1
724,和大家结婚233,1
723,全部声音都好小,1
722,小拉,1
721,露露蚌埠住了,1
720,露子加油露子加油,1
719,声音都好小,1
717,小希 ：黑手,1
716,266声音小,1
714,艾露露还行,1
601,两个都是女嘉宾吗,1
599,有谁能拒绝女孩子贴贴呢,1
418,散了散了,1
470,你吃公厕还是自个的啊,1
478,开门啊、,1
477,？怎么没了，刚才的开播是幻觉吗,1
476,开门～,1
474,嘟噜噜噜噜噜,1
473,到点了,1
472,门没关，请进,1
471,小AI乖乖，把门开开,1
469,咚咚咚,1
500,榜一大哥还在吗哈哈哈哈,1
468,我出藤甲兵,1
466,顺子,1
465,神他妈虾仁，消化不良是吧,1
464,桃桃，开门啦,1
463,洗牌码牌,1
462,我特码,1
461,闪,1
479,公厕的是不是就是大锅饭啊,1
480,不要屎尿屁,1
481,这叫食材循环，不浪费,1
482,开门啊！我知道你在里面！,1
498,迟到了,1
497,开门a,1
496,开门呐,1
495,榜一你能在表演一下那个吗,1
494,爹,1
493,缓冲中,1
492,你有本事通知，你有本事开门啊！,1
490,开门啊爹！,1
489,come,1
488,开播了,1
487,来嘞,1
486,五谷轮回之术,1
485,开播咯,1
484,开始喽,1
483,不会又打不开了吧,1
460,抓牌看牌,1
459,一箭双雕,1
458,我草！！！！,1
436,再吃一口,1
434,7点,1
433,榜一吃奥利给的大哥发表一下感言呗？,1
432,晚安捏,1
431,几点开始啊,1
430,下播了下播了，溜了溜了,1
429,神了我错过了精彩部分,1
428,这是下播了？,1
427,没有被害，是真的我看到了,1
426,那我们算是赶上了,1
425,不断不能重新正式推流,1
424,神回，不烤不录,1
423,老板大气，祝老板吃好喝好！,1
422,谁知道女儿怎么想的,1
421,麻,1
419,呜呜,1
435,也快了,1
437,啥情况啊？,1
457,我墙都不扶，就服你,1
438,刚才不是开了吗,1
455,一百块还是太贵了，55,1
453,无懈可击,1
451,还有一虾仁呢,1
450,吃上头是吧？,1
449,点开NBF 突然发现我没买票,1
448,五谷丰登！,1
447,帮xdm多吃一点阿,1
446,来来来，打牌,1
445,马上了，重新推个流而已,1
444,刚刚是，。排练事故？,1
443,(°∀°)ﾉ真香是吗,1
442,骗吃骗喝是吧,1
441,反正闲着也是闲着,1
440,草，兄弟猛啊,1
439,？你还吃,1
499,4分钟不见，甚是想念,1
501,吃撑了不吃了,1
598,村里通网了吗？,1
565,现在打不开了,1
573,开门啦～,1
572,希桃开门！,1
570,典,1
569,开门社区送温暖,1
568,杨明远怎么没来,1
567,OBS又双叒叕了？,1
566,小希的单曲《yes we can》,1
563,诶，这都是我D的V嘛,1
503,开门啦，迟到啦,1
561,开始就不应该关，,1
560,啥情况(>﹏<),1
559,开,1
558,我选有猫耳的美少女,1
556,ass♂we can,1
555,哎，还没吃晚饭,1
554,喵,1
575,龟龟也来了啊,1
576,wwwwwwwwwww,1
577,吓我一跳,1
578,快快快快快快,1
596,开门开开开开,1
595,我选露露,1
594,偷老婆？腿都给你敲断,1
593,后宫王争霸赛,1
592,好傻的声音hhh,1
591,没有WiFi！要五块,1
590,FBI,1
589,我选永远酱！！！,1
588,开门？,1
587,有没有WIWF,1
586,脸红的希桃，好可爱,1
585,开门 开门 开门 开门,1
584,没有WiFi,1
580,诶？还没准备好？,1
579,没有wife,1
553,现在这个BGM是冰火合唱的哪一个？我忘了,1
552,好家伙还是拉了,1
551,猫耳桃啊,1
526,嗯？怎么桃桃跟小希同性？,1
523,相亲大会？,1
522,今天直播的都是好女人，没男票,1
521,永远酱怎么香肠嘴了,1
520,相亲大会,1
518,是《yes we can》,1
517,主持人是谁？,1
515,还有TXX,1
514,非诚勿扰！！！！！,1
513,开吃吧各位,1
511,永远酱的图太生草了,1
510,BGM这么吓人,1
509,miaomiao,1
507,哈哈哈吃撑了可还行,1
506,没人注意我先吃口桃,1
504,希希希希希希希希,1
525,龟龟和永远酱的叼玫瑰方式越看越草,1
528,都是老熟人了,1
550,露露的表情太平淡了，,1
529,友情下一位嘉宾,1
547,我永远喜欢松宝,1
546,好耶，直播姬那个号同步直播,1
545,迟到了五分钟了,1
544,老妈女儿各带一队，相爱相杀,1
541,=^_^=,1
540,百合！yyds,1
539,今晚是真正的母女局,1
538,永远酱的嘴巴看成香肠嘴了,1
537,吹牛逼累,1
536,花花跟汐汐新来的吧？,1
535,这样希桃怎么牵手？,1
534,亮灯,1
533,想和龟龟击剑,1
532,好女人233,1
531,桃桃耳朵？,1
1521,什么粉什么观众,1
1522,逵逵上,1
1523,/,1
2473,她同意了,1
2481,小桃你好温柔！,1
2479,反转再反转,1
2478,再反转,1
2477,都被小希欺负，消息太坏了,1
2476,一波N折,1
2475,桃桃真的是天使,1
2474,一枝红杏出墙来,1
2472,亮了,1
2463,可怜,1
2471,噔噔咚,1
2470,妈妈不同意,1
2469,桃桃是天使,1
2468,桃桃你开起来,1
2467,《啊这》,1
2466,小希输了,1
2465,母爱,1
2483,桃桃天使,1
2484,我家房子还蛮大的,1
2485,桃，加油,1
2486,桃老师翻牌了,1
2502,是天使，我看到了天使,1
2501,要牵手,1
2500,桃桃加油！,1
2499,有一种爱叫做放手～,1
2498,希爹，放手8,1
2497,反转在反转,1
2496,关爱式牵手,1
2495,小希，放手吧,1
2494,在一起,1
2493,小希输麻了,1
2492,希爹，出大问题,1
2491,小希裂开了,1
2489,桃桃大天使,1
2488,翻转翻转再翻转,1
2487,嘶……,1
2464,小希，出大问题了,1
2462,妈妈不同意！,1
1524,败犬英梨梨。,1
2431,夺笋呐,1
2440,夺笋,1
2439,坚强点,1
2436,小桃已经吃了,1
2435,杀人，还要诛心？？,1
2434,杀人 还要诛心,1
2433,松松要没了,1
2432,杀人诛心？,1
2430,艾露露有个梦想,1
2460,桃桃你好天使,1
2429,忍不了，忍不了,1
2428,松松哭死,1
2427,希师爷 高,1
2426,杀人？还要诛心！,1
2425,是是是,1
2424,棒读,1
2423,夺笋呀,1
2441,虾仁猪心石锤了,1
2442,松松破防了,1
2443,太狠啦！！,1
2444,这节目咋迫害嘉宾呢,1
2459,要抱抱,1
2458,“我们家”,1
2457,来你们家揍你一顿,1
2456,杀人？还要诛心？,1
2455,虚研社斜斜你们,1
2454,感动的流出了口水,1
2453,好坏啊,1
2452,虾仁猪心了属于是,1
2451,花花被吓懵,1
2450,感谢虚研tv，感谢沙雕希,1
2449,多绝啊,1
2448,虾仁，还要猪心,1
2447,虚研社真是太温暖辣,1
2446,虾仁还要猪心,1
2445,小希你。。。。。。,1
2503,修罗场回来了,1
2504,笑死啦,1
2505,桃妈,1
2561,三人套餐是吧,1
2568,下次叫上小希吧,1
2567,肯德基三人餐,1
2566,牛头人？,1
2565,三个人的爱情是最美好的。jpg,1
2564,桃桃，今晚的妹子都是你的,1
2563,KFC三人情侣套餐,1
2562,三个人的七夕套餐！,1
2560,小完能看戏不嫌事大是吧，一直在拱火,1
2506,有一种爱叫放手~~~,1
2558,露露笑的怎么这么开心啊,1
2557,三个人一起听好的,1
2556,不，你来得正是时候,1
2552,啊哈哈哈哈哈,1
2551,三个人的快乐？,1
2550,七夕三人餐了解一下,1
2549,红橙作伴活得潇潇洒洒,1
2569,我来得不是时候？不，你来得正是时候！,1
2570,女友成双,1
2571,德克士七夕三人套餐,1
2572,白学家狂喜,1
2592,哇喔。,1
2591,焦恩俊！！,1
2590,哼╭(╯^╰)╮,1
2589,《哼》,1
2587,桃桃:你们都是我的翅膀,1
2585,烤翅豪华套餐,1
2584,什么7月新番,1
2583,二狗生气了,1
2581,明明是三个的电影,1
2580,你来的正是时候！,1
2579,小桃是最后的赢家,1
2577,球球了，吃三人餐吧,1
2576,去吃七夕三人餐,1
2575,不，你来的正是时候！,1
2574,你们都是我的翅膀.jpg,1
2548,小桃啊，这就是想脚踏两条船的代价,1
2547,小桃：我都要！,1
2546,呵呵哈哈哈哈哈哈,1
2523,感动了捏,1
2521,这是艾克打无限火力吗,1
2520,桃桃头一回被烤,1
2519,ohhhhhhhhhhhhhhhh,1
2518,《你可以走》,1
2517,桃桃小天使,1
2516,反转录,1
2515,小桃快！,1
2514,放手,1
2513,好混乱的场面,1
2512,做你心里的决定吧（阴恻恻）,1
2511,《专 业 拱 火》,1
2510,不要停下来！小桃！,1
2509,哈哈，反转了,1
2508,燃起来了,1
2507,希爹欲擒故纵，好手段,1
2522,又回来了，都没有近进展,1
2524,把日本裁判拆了。哈哈哈！,1
2545,h,1
2526,场面一度十分尴尬,1
2544,我全都要哈哈,1
2543,我人都傻了,1
2542,全都要不好嘛,1
2541,三个人一起8,1
2540,为所有爱执着的痛，为所有人执着的伤,1
2539,祝贺！,1
2538,场面一度很尴尬,1
2535,owo,1
2534,上结婚进行曲,1
2533,两个都要,1
2531,三角恋是吧,1
2530,孤寡孤寡你孤寡,1
2529,全都要吧,1
2528,什么洪世贤发言,1
2527,来自母亲的温柔关怀,1
2422,你有毒吧你,1
2421,HHHHH ,1
2418,孤寡是吧,1
2304,主持人原来是这样的,1
2312,小希只手遮天,1
2310,女嘉宾麻了,1
2309,可惜不是你～,1
2308,小希你太狠了,1
2307,下黑手了,1
2306,麻了麻了,1
2305,希爹杀手,1
2303,《 欸 》,1
2336,杀人还要诛心？好可怕啊,1
2302,bgm,1
2301,mc作弊是吧,1
2300,杜松子一一一！！,1
2299,诶？哦？,1
2298,小希直接灭了是吧,1
2297,那你露露怎么灭了,1
2295,小希夹带私货,1
2313,屑希爹哈哈哈,1
2314,好惨呐,1
2315,我不信，除非你摁起来,1
2318,小希太坏了,1
2334,强买强卖,1
2333,风铃月影了属于是,1
2332,太坏了,1
2331,裁判你在干什么！！,1
2330,mcnb是吧,1
2329,松松突发恶疾,1
2328,什么女人,1
2327,把艾露露带走吧23333,1
2325,乱来是吧哈哈哈哈,1
2324,MC会做人,1
2323,希爹就像送露露走是吧,1
2322,强行拉郎配。,1
2321,心疼松松100秒,1
2320,一转宝宝哭大赛,1
2319,还有这种操作啊,1
2294,MC你坏事做尽！,1
2293,裁判下场打人啦,1
2292,小希黑手遮天,1
2270,？！？！,1
2267,？？？？反转了,1
2266,艾露露你个坏女人,1
2265,2333333333333,1
2264,55555,1
2262,桃宝快灭灯,1
2261,吃饭要紧，没按开关,1
2260,载判亲自下场还怎么玩？,1
2259,小桃虾仁猪心一点，灭灯8,1
2258,带她走带她走,1
2257,零食 你坏事做尽,1
2256,总要伤害一个女人的,1
2255,露露太坏了,1
2254,小桃快灭灯,1
2253,艾福根哈哈哈哈哈,1
2252,可怜(ಥ_ಥ),1
2268,小希，哈哈哈哈哈哈哈哈,1
2273,5555555,1
2291,小希帮小桃灭灯了,1
2274,♡,1
2290,作弊是吧,1
2289,松松老惨了,1
2288,mc坏事做尽,1
2287,抢人了,1
2286,松松麻了,1
2285,她又行了,1
2284,主持人伏笔啊,1
2283,二狗醋坛子翻了,1
2282,今天这节目绝了,1
2281,小希你作弊！,1
2280,抢人是吧,1
2279,裁判下场打人了,1
2278,小希的大黑手,1
2277,夹带私货哈哈哈哈哈,1
2276,小希你这是公报私仇啊,1
2335,服从调剂是吧,1
2337,严查mc,1
2417,孤寡？？？,1
2390,《后面还有人等着我呢》,1
2397,金败犬奖,1
2396,单身贵族,1
2395,哈哈哈哈，年度最佳单身奖,1
2394,你是个好人奖,1
2393,手动灭灯了,1
2392,松露  ！松露  ！松露！,1
2391,日本裁判。我们要告你。,1
2389,杜松子你又被人欺负了，但是,1
2338,东京,1
2388,我好急啊,1
2387,小希亲生的吧,1
2386,已经明目张胆了,1
2385,什么渣女(=・ω・=),1
2384,牛头露本露,1
2383,虽然这个女人很想抽 但是后面的更想抽,1
2382,老海男了,1
2398,二泉映月警告,1
2399,这第一个嘉宾就节目效果拉满,1
2400,可惜不说你~陪我到最后~,1
2401,希望之花？,1
2416,？？？？真的过分了啊,1
2415,小跳蛙孤寡咕呱,1
2414,nn,1
2413,孤寡草,1
2412,呱,1
2411,日本裁判，我要告你,1
2410,哈哈哈哈唉,1
2409,参见松松子,1
2408,《那我觉得还挺好的》,1
2407,点歌届不到的恋,1
2406,希望之花,1
2405,挺王是吧,1
2404,不会是相爱没有那么容易~,1
2403,最佳败犬奖~,1
2402,转移话题,1
2381,不上也罢,1
2380,渣女发言,1
2379,杜松子输麻了,1
2359,幕后操作,1
2357,266太臭了,1
2355,恶霸MC,1
2354,小希您就是日本裁判是吧,1
2352,松露子,1
2351,强行月老,1
2349,快把艾露露带走把,1
2348,我作为mc的权利是无限的,1
2347,创死彼此哈哈哈,1
2346,艾老师太坏了,1
2345,可以调剂,1
2344,强行拉红线,1
2343,艾露露爆灯了,1
2342,希爹吃我一拳！,1
2341,暗箱操作了属于是,1
2340,掌控全场,1
2358,婆婆不放户口本,1
2360,有骨气的啥？,1
2378,草，光明正大的操作是吧？,1
2361,明着暗箱操作,1
2377,小希你是刚从东京奥运会当裁判回来吗？？,1
2376,东京奥运会裁判和这个节目主持人是一家的吧,1
2375,明箱操作,1
2374,《强扭的瓜》,1
2373,后面还有人等着我呢,1
2372,暗箱操作是吧,1
2371,一个绝绝子，一个创创子，太般配了,1
2370,老社霸了,1
2369,( ❛ᴗ❛ ),1
2368,什么渣女！,1
2367,快把艾露露带走吧,1
2366,《后面还有人等着我》,1
2365,小希你这样会不会有钦定的感觉？,1
2364,切片man，懂？,1
2362,我也觉得,1
2593,孩子忘了,1
2594,明明是4个人，为什么花花没什么存在感,1
2596,我是来看非诚勿扰的，不是婚姻保卫战,1
2822,默默吐槽一下筷子腿站得住嘛,1
2831,龟龟 危,1
2830,兄弟买挂吗,1
2829,这不打回去？,1
2827,卧槽冰,1
2826,倒着hhhhhh,1
2825,希爹支楞起来啊,1
2824,坏了，现场没一个符合,1
2821,火野丽？,1
2855,美女，买保险吗？,1
2819,今天是大野克夫の大胜利,1
2818,等等 这个我在现场,1
2817,火柴人？,1
2816,这个声音是不是小了,1
2815,危险发言,1
2814,溜大了,1
2813,老板，你这嘉宾咋卖呀？,1
2832,字幕也被挡住了。,1
2834,What'sup,1
2835,野蜂飞舞23333,1
2836,单口相声,1
2852,特斯拉是吧,1
2851,这个故事告诉我们：学轮滑要先学刹车,1
2850,给人撞死了？,1
2849,哒哒哒,1
2848,龟龟冲锋龙卷风,1
2847,三圈。。原地等不好吗,1
2846,女司机,1
2845,美少女：有变态，溜了溜了,1
2844,特斯拉？？？,1
2843,直接冲上去,1
2842,倒着追不就完了,1
2840,蚌不住了,1
2839,女孩:有女bt！,1
2838,三圈2333,1
2837,追上去故意找茬,1
2812,噢 美女买保险嘛,1
2811,......,1
2810,很多的sakura,1
2789,1和3可以不要的,1
2787,少校不努力,1
2786,魔法卡融合,1
2785,豹子头是吧？,1
2784,嘟了吧,1
2783,星辰,1
2782,又一个博爱神教的信徒。。,1
2781,草，全要是吧,1
2780,你让后面两位女嘉宾来不来了,1
2779,编吧编吧,1
2778,艾露露首先灭灯,1
2777,徐锦江是吧？？,1
2776,《全都要》,1
2774,实在编不出来就全到要吧,1
2773,油腻,1
2772,直接全都要,1
2788,我知道你要的是啥，哈士奇适合你。,1
2790,你可能一位都带不走,1
2809,(￣3￣)(￣3￣)(￣3￣)(￣3￣),1
2791,简单说，全都要,1
2808,安堂呜呜呜 我的安堂,1
2807,龟狐已经是退环境了,1
2806,导播和MC一样笨,1
2804,汐汐可爱死了,1
2803,这是？谁？,1
2802,sakura,1
2801,小希要端起来,1
2800,买保险还行,1
2799,很乖巧,1
2798,龟龟！！！,1
2796,导播网卡了,1
2795,龟龟你不喜欢安堂姐了吗？(°∀°)ﾉ,1
2794,直接超量，欧巴嘞,1
2793,拿捏了,1
2792,你想多了，感觉要全灭,1
2854,冲墙,1
2856,美女，买保险嘛！？,1
2770,海王龟,1
2908,事故,1
2915,你就是,1
2914,对大家一心一意,1
2913,大家,1
2912,不然等下又给小完能阴了,1
2911,这不是直播切片吗？,1
2910,节目效果？,1
2909,我就知道哈哈哈哈哈哈,1
2907,脑子出了问题,1
2857,-1,1
2906,吓出颤音,1
2904,经纪人全责,1
2903,额？,1
2901,虾虾是吧,1
2900,吼吼吼,1
2899,册那,1
2898,原来是来卖保险的,1
2916,实锤了，视频是p的,1
2917,cao ,1
2918,经纪人：？？？,1
2919,卖保险，密码正确,1
2936,海王田汐汐,1
2935,哦，是这样...,1
2934,对大家一心一意是吧,1
2933,背刺好耶,1
2932,故意才怪,1
2931,太对了,1
2930,导播都是一生之敌,1
2929,亿心亿意,1
2928,来自不愿透漏姓名的虾虾的助攻,1
2927,好家伙中之人有两个?,1
2926,不是吧 。。。。。。,1
2924,哈哈哈哈呵呵哈哈哈,1
2923,对对对，我可以证明,1
2921,经纪人出来挨打,1
2920,对大家都一心一意,1
2897,女儿别偷吃了，要灭就快灭,1
2896,卖保险的美少女,1
2895,原来是卖保险的,1
2874,草草草草草,1
2872,這個在說話的 是嘉然嗎,1
2871,美女买保险嘛！！！！,1
2870,希爹！,1
2869,太沙雕了,1
2868,希爹又灭灯了,1
2867,美女减一,1
2866,创死了是吧,1
2865,买保险哈哈哈哈,1
2864,得得得得得得,1
2863,买保险吗23333,1
2862,希爹已经灭灯了,1
2861,是,1
2860,好痛的撞,1
2859,哈哈哈哈哈哈‘’,1
2858,保险hhhhhh,1
2873,买,1
2875,最佳保险员,1
2894,大伙沉默了,1
2876,事业男 爱了,1
2893,非常优秀的保险业者哈哈哈哈哈哈,1
2892,又一个专业对口的。,1
2891,。。。。。。。哈哈哈,1
2890,笑,1
2889,非常优秀的保险推销。,1
2888,笑成尾张大傻瓜，哈哈哈哈哈哈,1
2887,不要刷别的主播,1
2886,小希拍了,1
2885,买保险美女,1
2883,全是事业心,1
2882,小桃犹豫再三要不要灭灯,1
2881,已经灭灯了,1
2880,你卖的什么险,1
2879,说话的是田汐汐,1
2878,也许是吧,1
2771,实在编不出来就算了把,1
2769,龟丞相,1
2597,88888888888（敷衍）,1
2646,猪猪！,1
2654,嘉宾睡了,1
2653,小希小桃channel以后变回虚拟次元计划了,1
2652,太哈人了跑了,1
2650,未响应,1
2649,没错你卡了,1
2648,开灯啊,1
2647,胡桃没反应,1
2645,把灯亮起来！,1
2676,胡桃，来决斗吧,1
2644,艾露露非常的偷税,1
2643,如此混沌,1
2642,所以，爱会消失吗？,1
2641,露露拱火王MVP,1
2640,小希内心狂喜,1
2639,先杀小完能就行,1
2638,不愧是艾露露,1
2655,Can you feel it,1
2656,胡桃还没出来，灯就灭了三个,1
2657,胡桃.exe未响应,1
2658,起来打牌了,1
2674,请打开麦克风交流JPG,1
2673,胡桃加速同调去了,1
2672,听到了猪叫,1
2671,昏睡中,1
2670,司机了,1
2669,小胡，上班了！,1
2668,胡小姐捏,1
2667,胡桃适合牵手Unia,1
2666,胡桃睡了,1
2665,小希开灯啊,1
2664,胡桃。EXE未响应,1
2663,是猪猪捏,1
2661,离线了哈哈哈,1
2660,哈哈哈哈哈哈哈哈哈哈哈哈哈哈哈哈哈哈哈,1
2659,嘉宾无了,1
2637,开    心,1
2636,这一波折上折,1
2635,《开心》《快乐》,1
2614,不放gee吗,1
2612,花花是新人吗,1
2611,不是留在这里吗,1
2610,亚萨西桃,1
2609,吹牛逼类~！,1
2608,花花不够变态,1
2607,龟龟要来了吗,1
2606,这不比宫斗好看,1
2605,花花被这魔鬼般的家庭关系吓懵了,1
2604,这个耳朵就很明显了,1
2603,牵手成功了,1
2602,《一波三折之折了又折》,1
2601,婚姻保卫战,1
2600,松松是谁,1
2599,桃老师太温柔了,1
2598,希希没了,1
2613,《不知道》,1
2615,好吓人,1
2634,唱吧,1
2616,花花仿佛是局外人,1
2633,快～乐～,1
2632,《快乐》,1
2631,艾露露好愉悦犯啊,1
2630,“绝对不是我心情的波动”（鼠标声）,1
2629,太牛B蕾，太牛B了,1
2628,好伤心啊,1
2627,笑着哭,1
2626,桃老师，危,1
2624,绝对没有,1
2623,犯人出场了哈哈哈,1
2622,耳朵就很灵性,1
2621,桃桃太亚撒西了,1
2620,吓人,1
2619,柯南,1
2618,要自首了吗,1
2675,在打电动,1
2677,《好你闭嘴吧》,1
2768,《我也不知道怎么描述》,1
2739,我的理想型爸（指希爹）,1
2747,惠惠啊,1
2746,内定了,1
2745,通杀是吧？,1
2744,？！？！？,1
2743,安堂？,1
2741,田桂花X艾福根！,1
2740,你是谁？,1
2738,请问 今天直播有录播吗,1
2678,hhhhhhhhh,1
2737,一开始就理想型,1
2736,麻烦声音正常点,1
2735,高质量？,1
2733,汐汐！！！,1
2732,田汐汐要牵手小希,1
2731,你平时可不是这么说话的,1
2730,掉线了吗,1
2749,嗯?,1
2750,指全部,1
2751,全部要？,1
2752,全都要？！,1
2767,266太臭了，算了吧,1
2766,总之就要宝石是吧,1
2765,这不直接嘟嘟,1
2764,你理想型还挺多,1
2763,小孩子才做选择,1
2762,鳌拜是吧,1
2761,还有条大尾巴,1
2760,老海王,1
2759,我全都要？,1
2758,说了又等于没说,1
2757,一抓四,1
2756,《都可以》,1
2755,老海王了哈哈哈,1
2754,全要,1
2753,？这位嘉宾胃口有点大。,1
2728,龟龟!,1
2725,汐汐你最可爱了,1
2724,因为汐汐以前头像是龟龟(〜￣△￣)〜,1
2702,龟龟龟龟龟龟龟,1
2699,艹，错付了,1
2698,球都蒙了,1
2697,好惨一龟龟,1
2694,小希？？？？？？,1
2693,OOO3//////M,1
2692,还可以玩嘉宾的吗,1
2691,小希你什么渣女,1
2689,很棒棒,1
2688,哎呀，,1
2687,加速同调,1
2685,哈哈哈哈或,1
2684,我滴龟龟！！！！,1
2683,惨 龟龟 惨,1
2682,胡桃:麻了,1
2680,“到我了吗”,1
2700,祝贺小桃和松松成为了兄妹,1
1,这倩影，是你吗,1
2723,嘉宾出场怎么没有BGM,1
2705,胡桃:？？？,1
2722,田桂花！！！！,1
2721,哈哈哈哈笑死我了,1
2720,\龟龟/,1
2719,好的，下一位嘉宾（,1
2717,安慕希,1
2716,欢迎老朋友,1
2715,还可以这样吗？    ,1
2714,胡桃？？？,1
2713,龟龟龟龟,1
2711,\龟龟/\龟龟/\龟龟/\龟龟/,1
2710,\汐汐/\汐汐/\汐汐/\汐汐/\汐汐/,1
2709,坏事做尽小希,1
2708,胡桃：？？？？,1
2707,胡桃也是桃，今晚总有一位小桃,1
2706,礼貌龟龟:你吗？,1
2250,松松子 啊啊啊,1
2249,结果最后还是败犬,1
2248,你是个好人.jpg,1
1759,两个兽娘,1
1767,把艾福根带走吧,1
1766,《惊喜》《震撼》,1
1765,《惊奇和震撼》,1
1763,肯定选艾露露了,1
1762,小希控场真是绝绝子,1
1761,女儿：我留灯是因为偷吃忘记关了,1
1760,不停的福瑞,1
1758,非诚勿扰可还行o( ❛ᴗ❛ )o,1
1792,艾露露：？为什么我还要把自己附赠出去啊,1
1757,露露加油,1
1756,SUKI,1
1755,选露露,1
1754,艾露露没得跑,1
1753,那肯定露露啊,1
1752,那还用选？必选266,1
1751,我选小桃！,1
1769,艾露露：？,1
1770,我把艾露露带走了,1
1772,带私货我超,1
1774,这购物卡还送艾露露的,1
1790,人类,1
1789,获奖感言哈哈哈,1
1788,桃老师你要抛弃小希了嘛,1
1787,获奖感言是吧,1
1786,获奖感言哈哈哈哈哈,1
1785,露露！露露！露露！,1
1784,希爹感受到了牛腿肉人元素,1
1782,露露你带我走吧！,1
1781,夹带私货我超,1
1780,希爹：？？？,1
1779,小希绿了呀,1
1778,你怎么就一个五星？,1
1777,桃老师你也很不对劲啊,1
1776,把艾露露留给我,1
1775,希爹：？,1
1750,二选一,1
1749,可能是桃桃忘了灭（,1
1748,选露露没跑了啊,1
1725,龟龟连夜扛着龟壳跑路,1
1723,来了就都不正经了,1
1722,桃桃吃的啥呀来一口,1
1721,嗯嗯,1
1720,猴猴猴猴,1
1718,不要正经人,1
1717,爱露露吃我一拳,1
1716,正经人,1
1715,今晚这节目真是绝绝子了,1
1714,超管顺着网线给艾露露一拳,1
1713,太可怕了，呜呜呜呜呜呜呜,1
1712,艾露露吃我一拳！,1
1711,【正经人】,1
1710,大家都是正经人,1
1709,福根你正常点我害怕,1
1708,都不是这样的哈哈哈哈哈,1
1724,gai,1
1726,离我远点,1
1747,这肯定选艾露露啦,1
1727,松松你可以模仿夏安安的声音,1
1745,松松太怪了,1
1744,你在看什么啊，喂,1
1743,松松和福根棋逢对手了属于是,1
1742,宽（指钢板）,1
1741,沙雕希是嘴上功夫，艾老师她来真的!,1
1740,杰哥？！,1
1738,立绘,1
1737,太宽阔了,1
1736,不愧是艾露露噢,1
1735,反向亮灯,1
1734,重新定义《正经人》,1
1733,我看在座的各位没有一个像人,1
1731,给她yiquan,1
1730,又开始了,1
1728,小完能来这之前没吃药，,1
1791,东西,1
1793,繁衍？,1
1706,《正经人》,1
1858,这下错付了,1
1866,可以带走露露嘛,1
1865,我觉得小桃就是不好意思说嘟嘟,1
1864,绝绝子小火车,1
1863,绝绝子小火车是吧,1
1862,真是绝绝子了,1
1860,创创子来了,1
1859,吃我一拳哈哈哈哈,1
1857,快创四她吧,1
1794,观察生物多样性是吧？,1
1856,桃桃或成最大输家,1
1855,露露你好绝,1
1854,亮灯！,1
1853,好狠心,1
1852,创4,1
1851,渣,1
1850,绝绝子小火车难绷,1
1868,什么地狱绘图（）,1
1869,来人把露露带走吧,1
1870,绝p真不能处,1
1871,谢谢已经开始胃疼了,1
1887,不是应给她一拳两脚吗？,1
1886,《刻骨铭心》,1
1885,艾露露吃杜松子一拳吧,1
1884,福根吃拳,1
1883,《 绝 》,1
1882,友谊,1
1881,爱露露，绝绝子，对称了,1
1880,绝！,1
1879,整个人都绝绝子了,1
1878,给她一拳吧,1
1876,一首届不到的爱恋,1
1875,惨 桃桃 惨,1
1874,创创子创创子创创子创创子创创子,1
1873,我听到绝绝子就会死,1
1872,快给艾露露一拳,1
1848,福根吃我一拳,1
1847,给你一拳,1
1845,艾老师大渣女,1
1817,艾福根你好狠的心啊！,1
1815,还能这么玩,1
1814,嘿嘿嘿嘿嘿嘿,1
1809,迷惑发言,1
1806,咋回事,1
1805,来鉴定一下网络热门生物,1
1804,花样,1
1803,这口令有大问题呀！,1
1802,把露露带走吧,1
1801,新鲜的东西,1
1800,《新鲜东西》,1
1799,感谢CCTV，感谢BILIBILI,1
1798,完了，当宠物了,1
1797,危 爱露露 危,1
1796,p话时间到,1
1795,露露了,1
1816,抽了个啥？？？,1
1819,好渣,1
1844,卧槽别,1
1820,福根，你好会玩,1
1843,266在吗？给你一拳,1
1842,把艾露露带走吧。把艾露露带走吧。,1
1841,艾露露！你好狠的心啊！,1
1840,渣女！玩弄人心,1
1839,福根老海王了,1
1838,太渣了 吃我一拳,1
1837,快把福根带走,1
1831,捣乱势主播是吧,1
1830,艾老师是渣女,1
1829,十动然拒,1
1828,旷世绿茶,1
1826,耍人是吧,1
1823,露露好渣,1
1822,渣女艾露露,1
1821,艾老师渣女,1
1707,你在干什么,1
1704,车，车车，车车车，车车车车,1
1889,创子266,1
1582,斯哈斯哈,1
1591,艾露露啊,1
1590,灭了灯又告白的花姐是屑,1
1588,猴哥,1
1587,太刑了,1
1586,花花太正常了,1
1584,模仿在座的嘉宾,1
1583,仙贝，daisuki！,1
1581,混沌三人组和唯一的清楚,1
1614,孙悟空也是福瑞啊,1
1580,可以喜欢我吗 草,1
1579,花花因不够变态而格格不入,1
1578,拷走,1
1577,也不是不可以,1
1576,好直球,1
1575,呐，呐，呐,1
1574,嘶我好了,1
1592,杰哥好吧,1
1593,哪个孙悟空？,1
1594,猴哥猴哥,1
1595,一顿吃几个花玲啊,1
1612,反复强调,1
1610,点个杰哥,1
1609,杰哥！,1
1608,福瑞控专场,1
1607,hhhhc,1
1606,呔！你这妖精，到底喜不喜欢俺老孙？,1
1604,猫脸雷公嘴是吧,1
1603,杰哥可以哈哈哈哈,1
1602,杜松子小瞧这个直播间里,1
1601,杰哥！！,1
1600,苏轼,1
1599,擎天柱,1
1598,卡卡罗特还是西游记,1
1597,杰哥我超,1
1596,康娜,1
1573,哇塞,1
1572,在吗？,1
1571,直球告白,1
1551,花花都麻了,1
1549,狗宝,1
1548,好怪啊 草,1
1544,心动了（）,1
1543,wtf？？？？？？？？？,1
1542,盒盒盒盒,1
1541,就离谱,1
1540,草，生出来了,1
1539,来个张飞的哥哥,1
1537,可,1
1535,金轮！,1
1533,草？？？？？？,1
1531,？、、、、,1
1528,陈总,1
1527,欧尼酱，大siki！,1
1526,沙僧,1
1550,这口味有点重,1
1552,俺也一样！,1
1570,艾露露！！！！,1
1553,不是俺也一样吗,1
1569,先辈suki,1
1568,忘了今天有音乐节傻了,1
1567,我诚哥,1
1566,模仿各位嘉宾,1
1565,希爹控场能力max,1
1564,FBI open on,1
1563,王陆,1
1562,血小板,1
1561,孙悟空吧,1
1560,整个王舞,1
1559,花花因为不够变态而与大家格格不入,1
1558,必心动好吧,1
1557,王权霸业,1
1556,ymm,1
1555,蛮复古的,1
1613,皮卡丘,1
1615,老福瑞控,1
1703,离谱中的离谱,1
1669,妖孽我收了你,1
1678,福根??,1
1676,吃我一棒,1
1674,妖怪！还我师傅！,1
1673,艾露露你好怪啊,1
1672,住嘴，不要再念啦,1
1671,一个字，绝,1
1670,!?!?!?!?!!?!?,1
1668,哪来的小妖精,1
1616,虚研动物园实锤了。,1
1667,什么变态,1
1665,?刚来，在干什么？,1
1664,直播间危！,1
1663,露露你在干什么啊？？？？？？,1
1662,赶紧拉黑他,1
1661,经典妖精发言,1
1660,去了,1
1681,妖精！还我师傅！！,1
1682,？？？？？？？？！？？？？？？？,1
1684,请问松老师你看过性游记嘛？,1
1685,超管警告,1
1702,白鼠精是叭,1
1701,他会变大变小,1
1700,桃桃是不是又吃上了,1
1699,大师兄 师傅被妖精抓走了,1
1697,逮！,1
1696,给他灭灯！,1
1695,心肌梗塞,1
1694,露露穿件衣服吧,1
1693,唐僧：你的铁棒~用到现在还没软,1
1692,266好,1
1691,什么色妖僧,1
1690,???？？？？？？？,1
1689,福根今天好奔放啊,1
1688,白骨精是吧,1
1687,福睿控是吧,1
1658,人麻了,1
1657,这是谁在说话,1
1656,车，好快,1
1633,开花,1
1631,《有一个人前来买瓜》,1
1630,你们是要谢罪的。。。。,1
1629,露露唐僧？,1
1628,这是要谢罪的啊,1
1627,杰哥！让我康康,1
1626,来个法海吧,1
1625,来个杰哥!,1
1624,hh,1
1623,因为不够变态，而与你们格格不入,1
1622,福瑞控实锤,1
1621,喜欢艾露露,1
1620,擎天柱可以,1
1619,福瑞控是吧？,1
1618,猕猴桃吗,1
1617,阿伟！,1
1632,卡卡罗特！！！布罗利！！！,1
1635,师傅,1
1654,等会,1
1636,福根福瑞控,1
1653,唐僧：？？？？？？,1
1651,xxbt,1
1650,什么奇怪play,1
1649,唐僧向悟空表白我超,1
1648,only you,1
1646,唐僧表白可还行,1
1645,离谱啊这,1
1644,唐法老,1
1643,来个法海吧，都是和尚对吧,1
1642,跑路了,1
1641,话最多的唐僧,1
1640,快跑,1
1639,妈耶，这也太奇怪了,1
1638,开花！,1
1637,266不是唐僧本僧？,1
1888,我听到绝绝子就会s,1
1890,刻骨铭心的创创子,1
2245,得到了身体，没得到心,1
2125,小希，车底还有空位，快来,1
2133,桃子全都要,1
2132,《婚姻保卫战》,1
2131,醋坛子翻了,1
2130,你是疯了她是傻,1
2129,我急了，手机电脑全修好了,1
2128,小希，放手吧小希,1
2126,完了，后院起火,1
2124,双宿双希,1
2161,希爹不哭‘’,1
2123,她急了她急了,1
2122,(๑`灬´๑),1
2120,希爹吃醋.jpg,1
2119,这不也挺好的吗,1
2118,一个疯了一个傻（）,1
2117,挺王啊,1
2116,急了急了她急了,1
2135,你是疯了，他是傻，哈哈哈哈,1
2136,小希她急了,1
2138,今天只有三盏灯,1
2139,小希:你可以滚了,1
2159,bgm呢,1
2157,小希枯辽,1
2156,小杜小桃,1
2154,你找了个机器人。,1
2153,牵手要音乐,1
2152,小杜小桃哈哈,1
2151,我喜欢松松子，还有大家！,1
2150,鲨人猪心,1
2149,非诚勿扰现在临时改成婚姻保卫战！,1
2147,疯狂拱火,1
2145,急了,1
2144,花姐还来一刀,1
2143,小希怨你好重啊哈哈哈哈哈,1
2142,花花好拱火,1
2140,音乐,1
2115,花花拱火的神,1
2114,给艾露露带到了不得了的地方,1
2113,《挺好的》,1
2094,小希回家跪搓衣板吧,1
2092,我很开心（,1
2091,都叫救命了,1
2090,绿是一道光,1
2089,福根太坏了哈哈哈哈,1
2088,\在一起/\在一起/\在一起/,1
2087,吃瓜,1
2086,母女cp关系破裂现场,1
2085,太好看了,1
2084,6,1
2083,你要答应她吗？（咬牙切齿）,1
2082,看我的刀了吗,1
2081,话筒被控了，笑～,1
2080,小桃！我的小桃！,1
2079,救命呀,1
2078,我不是很开心她们能牵手成功,1
2093,纯爱震怒,1
2095,桃桃说出了心里话“救命啊”,1
2112,翅膀是吧,1
2096,拱火艾露露,1
2111,节目改【婚姻保卫战】了,1
2110,双希,1
2109,你们这节目是不是有大病？还不多来点。,1
2108,小桃：都是我的翅膀,1
2107,啾咪啊,1
2106,没事说吧，赛后给小希买零食安慰i一下就行,1
2105,艾福根你在干什么啊！,1
2104,吃瓜群众,1
2103,你急了，你急了,1
2102,看希桃离婚哈哈哈,1
2101,两个拱火观众,1
2100,这是什么斗兽场，真是绝绝子（狗头）,1
2099,好家伙第一环节刀起来了,1
2098,急了他急了,1
2097,吃瓜花花,1
2160,至少要mua一个啊,1
2162,杀人，还要猪心,1
2075,这就是爱,1
2214,艾福根坏事做尽,1
2223,突然败犬,1
2222,松松啊啊啊啊,1
2220,杜松子你是好人,1
2219,这个小希好阴阳啊！,1
2218,松松呜呜呜呜,1
2217,小桃：我就是玩,1
2216,哎,1
2213,小希开始狂笑了,1
2163,嫁出去的女儿泼出去的水,1
2212,完了，吃瓜吃到我自己的瓜啦,1
2211,小桃你被绑架了你就眨眨眼,1
2210,希 爹 狂 喜,1
2209,惨 松松 惨,1
2208,小希你在狂笑,1
2207,福根坏事做尽了,1
2206,小红果全责,1
2224,雪花飘飘北风萧萧~,1
2225,虽然你今年还是败犬哈哈哈哈哈哈哈,1
2226,我成替身了?,1
2227,小希太过分了,1
2244,艾露露你还灭灯？,1
2243,但是艾露露灭了,1
2242,小桃灭灯,1
2241,小桃，牵！,1
2240,败犬,1
2237,bgm烘托快快快,1
2236,绷不住了233333,1
2235,松松子：？？？,1
2234,牵了，但是没敢牵,1
2233,小桃太狠了,1
2232,松松子咱们走,1
2231,没灭灯为什么就败犬了？,1
2230,牵了但没有完全牵,1
2229,《明年就不是败犬了》,1
2228,小希试图挽回一下局面,1
2205,切片man拜托了,1
2204,你笑的样子很迷人,1
2203,松松惨呀,1
2184,都怪艾福根！,1
2181,小红果,1
2178,小希坚强，小希不哭，我的希桃呜呜呜,1
2177,还打广告,1
2176,果然在偷吃,1
2175,小红果是吧？,1
2173,吃瓜迟到自己身上了,1
2172,这就是人生,1
2171,小松小桃channel,1
2170,人生有梦各自精彩,1
2169,小杜小桃yyds,1
2168,这个点了该跟女朋友去吃饭了,1
2167,爱露露套路小桃,1
2166,小杜小桃Channel,1
2165,小希channel(无小桃),1
2164,杀人还要猪心？,1
2182,怎么还打广告,1
2185,吃到自己身上了,1
2202,小希，你是魔鬼吧233,1
2186,吃瓜吃到自己身上了,1
2201,小希在笑，狂笑！,1
2200,太过分了（,1
2199,这波艾露露全责,1
2198,还打广告是吧,1
2197,艾福根你坏事做尽！,1
2196,笑了哈哈,1
2195,小希开始了,1
2194,多不好意思啊（狂喜）,1
2193,小希在狂笑,1
2192,击鼓传花是吧,1
2191,工商鬼才,1
2190,露露故意的,1
2189,我就知道,1
2188,所以小完能罪大恶极！！！！！,1
2187,焦~灼~,1
2077,是她，不是她妈,1
2074,反抗小希霸权,1
1891,创！,1
1947,合适的不得了,1
1957,最后的疼爱是手放开,1
1956,桃桃你带我走吧,1
1954,有一种爱叫做放手,1
1952,忍心,1
1951,绿 小希 绿,1
1949,危 小希 危,1
1948,把桃桃玩出去了,1
1946,小希舍不得,1
1983,手放开,1
1944,小希把虚研社的醋坛子砸了,1
1943,合理利用舞台规则优势,1
1942,合适，合适的不得了。,1
1941,这波啊,1
1940,放手吧,1
1938,266补刀的好,1
1937,小希故意的,1
1958,我要笑死了,1
1959,手放开是吧,1
1960,兄弟（指自己）,1
1961,愿意,1
1980,可以愿意的,1
1979,土,1
1978,小希七夕被绿,1
1976,带走吧,1
1975,坏了桃桃犹豫了,1
1974,小桃玩脱了哈哈哈哈哈,1
1972,答应她答应她答应她,1
1971,卡壳了,1
1970,嘟嘟（大雾）,1
1968,8848是吧,1
1967,死机了,1
1966,愿意啊,1
1965,小桃全都要,1
1964,哈哈，带我走吧,1
1963,我不到啊,1
1935,小希舍不得了,1
1933,小希哈哈哈哈哈,1
1931,希爹吃醋了,1
1908,灰溜溜哈哈哈哈哈,1
1906,《灰溜溜》,1
1905,求求你把艾露露带走吧（,1
1904,灰溜溜,1
1903,那我总要选一个创的嘛,1
1902,松松要牵手了,1
1901,啊，笑死,1
1900,要创就创电棍吧求求了,1
1899,不能处,1
1898,反转了，变创创子了,1
1897,我们不要了，把艾露露带走,1
1896,绝绝子节目,1
1895,创,1
1894,支持正义铁拳,1
1893,刻 苦 铭 心,1
1892,给艾露露一拳,1
1907,灰溜溜哈哈哈哈,1
1909,花花还是没有说话,1
1930,小希MC拆台是吧,1
1910,小希小桃直播真是绝绝子，好看到翘脚脚,1
1929,开始发病,1
1928,醋坛子犯了,1
1927,女嘉宾想牵手,1
1926,哈哈哈哈，不想放手，，哈哈哈哈哈哈,1
1925,小希枯了,1
1924,酸了哈哈,1
1923,突然犯病,1
1922,小希你舍不得了,1
1919,刚才就在吃,1
1918,开始挽留了,1
1916,不愧是你小希,1
1914,你们这节目是不是有些大病     多来点,1
1913,我们不要脸，把艾露露带走卖了吧,1
1912,太绝了,1
1911,桃妈你要抛弃希爹吗?,1
1982,转折了,1
1984,希爷急了,1
2073,露露拍副社长马屁，企图篡位小桃,1
2042,小希你怎么这样呢,1
2050,我不是很开心——吗,1
2049,来自希爹的凝视！,1
2048,这节目太特么绝绝子了,1
2047,总之就是非常开心（,1
2046,第一次中奖,1
2045,桃桃全都要,1
2044,“开心”,1
2041,伦理大剧,1
1985,晋西北已经乱成一锅粥啦,1
2040,牛头人天下第一,1
2039,爱就大声说出来,1
2038,真是太可怕了,1
2037,希桃不能拆！,1
2036,《你快说》,1
2035,小希满脸开心,1
2034,牛头人！牛头人！,1
2051,她急了急了,1
2053,小桃你说句话啊,1
2054,我不是很开心 她们牵手成功,1
2055,这下开心了,1
2072,压力全在桃桃这了,1
2071,把桃老师整不会了,1
2070,小希开心就好,1
2068,《威胁》,1
2067,咳咳,1
2065,盲猜杜松子要败犬了,1
2064,说，你很开心,1
2063,小桃你说句话阿,1
2062,阴阳怪气,1
2061,《小希急了》,1
2060,说，答应她,1
2059,修罗场说来就来,1
2058,小桃宕机了,1
2057,《我很开心》,1
2056,很开心！,1
2033,不可以！,1
2032,我中辣,1
2031,祝您们百合,1
2009,第一环节就修罗场,1
2006,万万没想到啊,1
2005,非常开心,1
2004,恭喜这几个B  站用户,1
2001,创创子了哈哈哈哈,1
1999,给整不会了,1
1998,万万妹想到啊,1
1997,狮林圣经是吧,1
1996,g b！！,1
1995,恭b,1
1993,女儿宕机了,1
1992,都是小桃的翅膀,1
1989,希爹   危,1
1988,要决决子了,1
1987,给桃桃整不会了,1
1986,狮林圣经,1
2007,“非常开心”,1
2010,噢，GB,1
2029,《敷 衍》,1
2011,绿色,1
2028,希爹舍不得了！,1
2027,敷衍,1
2026,开 心,1
2025,小希咬牙切齿,1
2024,小希：我很开心，呜呜呜,1
2023,纯爱战士集合！,1
2022,牛头人是吧,1
2021,大型白学,1
2020,就这样，赶紧下一个吧,1
2018,我中奖啦,1
2016,哎，就是，很开心,1
2015,很开心啊,1
2014,吃桃把你,1
2013,我看到她哭了,1
2012,gb啥意思,1
5405,,1
